Tên,Link ảnh,Inch,Độ phân giải,Giá gốc,Giá giảm,Link chi tiết
Xiaomi Google TV A L55MA-ASEA,https://cdn.tgdd.vn/Products/Images/1942/327368/google-tivi-xiaomi-a-4k-55-inch-l55ma-asea-thumb-2-550x340.jpg,55 inch,4K,10490000,8690000,https://www.dienmayxanh.com/tivi/google-tivi-xiaomi-a-4k-55-inch-l55ma-asea
Samsung Smart TV QLED QA55Q65D,https://cdn.tgdd.vn/Products/Images/1942/322674/tivi-qled-samsung-4k-55-inch-qa55q65d-120324-012216-550x340.jpg,55 inch,4K,17900000,16190000,https://www.dienmayxanh.com/tivi/tivi-qled-samsung-4k-55-inch-qa55q65d
Samsung Smart TV UA75CU8000,https://cdnv2.tgdd.vn/mwg-static/dmx/Products/Images/1942/303229/smart-tivi-samsung-4k-75-inch-ua75cu8000-thumb-638649334198036076-550x340.jpg,75 inch,4K,25400000,25400000,https://www.dienmayxanh.com/tivi/smart-tivi-samsung-4k-75-inch-ua75cu8000
Samsung Smart TV UA55BU8000,https://cdnv2.tgdd.vn/mwg-static/dmx/Products/Images/1942/273391/smart-samsung-4k-55-inch-ua55bu8000-thumb-638649317772756611-550x340.jpg,55 inch,4K,12900000,12900000,https://www.dienmayxanh.com/tivi/smart-samsung-4k-55-inch-ua55bu8000
TCL Google TV 55P635,https://cdn.tgdd.vn/Products/Images/1942/281936/google-tcl-4k-55-inch-55p635-270522-021039-550x340.jpg,55 inch,4K,10490000,8490000,https://www.dienmayxanh.com/tivi/google-tcl-4k-55-inch-55p635?utm_flashsale=1
Sony Google TV BRAVIA 3 K-55S30,https://cdn.tgdd.vn/Products/Images/1942/325313/google-tivi-sony-4k-55-inch-k-55s30-thumb-1-550x340.jpg,55 inch,4K,21890000,16490000,https://www.dienmayxanh.com/tivi/google-tivi-sony-4k-55-inch-k-55s30?utm_flashsale=1
Hisense Google TV 55A6500K,https://cdn.tgdd.vn/Products/Images/1942/321457/tivi-led-4k-hisense-55a6500k-220124-021318-550x340.jpg,55 inch,4K,10990000,8390000,https://www.dienmayxanh.com/tivi/tivi-led-4k-hisense-55a6500k
LG Smart TV OLED 55B4PSA,https://cdn.tgdd.vn/Products/Images/1942/324912/tivi-oled-lg-4k-55-inch-55b4psa-230424-043653-550x340.jpg,55 inch,4K,39900000,25490000,https://www.dienmayxanh.com/tivi/tivi-oled-lg-4k-55-inch-55b4psa
Samsung Smart TV OLED QA65S90D,https://cdn.tgdd.vn/Products/Images/1942/322655/tivi-oled-samsung-4k-65-inch-qa65s90d-280324-114832-550x340.jpg,65 inch,4K,63900000,50890000,https://www.dienmayxanh.com/tivi/tivi-oled-samsung-4k-65-inch-qa65s90d
Samsung Smart TV OLED QA55S90D,https://cdn.tgdd.vn/Products/Images/1942/322656/tivi-oled-samsung-4k-55-inch-qa55s90d-280324-115033-550x340.jpg,55 inch,4K,44900000,39890000,https://www.dienmayxanh.com/tivi/tivi-oled-samsung-4k-55-inch-qa55s90d
Sony Google TV OLED BRAVIA 8 K-65XR80,https://cdn.tgdd.vn/Products/Images/1942/325317/google-tivi-oled-sony-4k-65-inch-k-65xr80-thumb-1-550x340.jpg,65 inch,4K,72890000,64890000,https://www.dienmayxanh.com/tivi/google-tivi-oled-sony-4k-65-inch-k-65xr80
Samsung Smart TV UA55CU8000,https://cdn.tgdd.vn/Products/Images/1942/303231/smart-tivi-samsung-4k-55-inch-ua55cu8000-020323-111525-550x340.jpg,55 inch,4K,13400000,12490000,https://www.dienmayxanh.com/tivi/smart-tivi-samsung-4k-55-inch-ua55cu8000?utm_flashsale=1
Samsung Smart TV UA65CU8000,https://cdn.tgdd.vn/Products/Images/1942/303230/smart-tivi-samsung-4k-65-inch-ua65cu8000-020323-111114-550x340.jpg,65 inch,4K,16400000,12990000,https://www.dienmayxanh.com/tivi/smart-tivi-samsung-4k-65-inch-ua65cu8000?utm_flashsale=1
TCL Google TV 32S5400,https://cdn.tgdd.vn/Products/Images/1942/306075/google-tivi-tcl-32-inch-32s5400-thumb-550x340.jpg,32 inch,Full HD,4790000,4490000,https://www.dienmayxanh.com/tivi/google-tivi-tcl-32-inch-32s5400
TCL Google TV 43S5400,https://cdn.tgdd.vn/Products/Images/1942/306073/google-tivi-tcl-43-inch-43s5400-thumb-550x340.jpg,43 inch,Full HD,6790000,6390000,https://www.dienmayxanh.com/tivi/google-tivi-tcl-43-inch-43s5400
LG Smart TV NanoCell 55NANO76SQA,https://cdn.tgdd.vn/Products/Images/1942/278576/smart-nanocell-lg-4k-55-inch-55nano76sqa-240223-025659-550x340.jpg,55 inch,4K,22900000,13890000,https://www.dienmayxanh.com/tivi/smart-nanocell-lg-4k-55-inch-55nano76sqa
Samsung Smart TV QLED QA65Q65D,https://cdn.tgdd.vn/Products/Images/1942/322673/tivi-qled-samsung-4k-65-inch-qa65q65d-120324-011429-550x340.jpg,65 inch,4K,21900000,19190000,https://www.dienmayxanh.com/tivi/tivi-qled-samsung-4k-65-inch-qa65q65d
Samsung Smart TV UA43CU8000,https://cdn.tgdd.vn/Products/Images/1942/303233/smart-tivi-samsung-4k-43-inch-ua43cu8000-020323-111920-550x340.jpg,43 inch,4K,10400000,10400000,https://www.dienmayxanh.com/tivi/smart-tivi-samsung-4k-43-inch-ua43cu8000
TCL Google TV 40S5400,https://cdn.tgdd.vn/Products/Images/1942/306074/google-tivi-tcl-40-inch-40s5400-thumb-550x340.jpg,40 inch,Full HD,5790000,5590000,https://www.dienmayxanh.com/tivi/google-tivi-tcl-40-inch-40s5400
Samsung Smart TV UA43AU7002,https://cdn.tgdd.vn/Products/Images/1942/279935/product-279935-110522-094032-550x340.jpg,43 inch,4K,8400000,7890000,https://www.dienmayxanh.com/tivi/smart-samsung-4k-43-inch-ua43au7002
Toshiba Smart TV 43V31MP,https://cdn.tgdd.vn/Products/Images/1942/311367/smart-tivi-toshiba-43-inch-43v31mp-280723-033129-550x340.jpg,43 inch,Full HD,6990000,5490000,https://www.dienmayxanh.com/tivi/smart-tivi-toshiba-43-inch-43v31mp?utm_flashsale=1
Sony Google TV KD-43X77L,https://cdn.tgdd.vn/Products/Images/1942/308371/google-tivi-sony-4k-43-inch-kd-43x77l-010623-032203-550x340.jpg,43 inch,4K,11890000,11390000,https://www.dienmayxanh.com/tivi/google-tivi-sony-4k-43-inch-kd-43x77l
TCL Google TV QLED 43C69B,https://cdn.tgdd.vn/Products/Images/1942/322960/tivi-qled-tcl-4k-43-inch-43c69b-thumb-550x340.jpg,43 inch,4K,9990000,8690000,https://www.dienmayxanh.com/tivi/tivi-qled-tcl-4k-43-inch-43c69b
LG Smart TV 55UT8050PSB,https://cdn.tgdd.vn/Products/Images/1942/324905/tivi-led-lg-4k-55-inch-55ut8050psb-thumb-550x340.jpg,55 inch,4K,16900000,12490000,https://www.dienmayxanh.com/tivi/tivi-led-lg-4k-55-inch-55ut8050psb?utm_flashsale=1
AQUA Android TV AQT43K800FG,https://cdn.tgdd.vn/Products/Images/1942/327550/TimerThumb/android-tivi-aqua-43-inch-aqt43k800fg.jpg,43 inch,Full HD,6490000,5490000,https://www.dienmayxanh.com/tivi/android-tivi-aqua-43-inch-aqt43k800fg
Hisense Android TV 43A4N,https://cdn.tgdd.vn/Products/Images/1942/327177/android-tivi-led-hisense-43-inch-43a4n-thumb-1-550x340.jpg,43 inch,Full HD,6990000,5490000,https://www.dienmayxanh.com/tivi/android-tivi-led-hisense-43-inch-43a4n
Sony Google TV KD-55X77L,https://cdn.tgdd.vn/Products/Images/1942/308368/google-tivi-sony-4k-55-inch-kd-55x77l-010623-032654-550x340.jpg,55 inch,4K,14890000,14390000,https://www.dienmayxanh.com/tivi/google-tivi-sony-4k-55-inch-kd-55x77l
Xiaomi Google TV A L32M8-P2SEA,https://cdn.tgdd.vn/Products/Images/1942/312858/google-tivi-xiaomi-32-inch-l32m8-p2sea-021023-105029-550x340.jpg,32 inch,HD,4490000,3990000,https://www.dienmayxanh.com/tivi/google-tivi-xiaomi-32-inch-l32m8-p2sea
TCL Google TV 55P79B Pro,https://cdn.tgdd.vn/Products/Images/1942/322218/google-tv-tcl-4k-tv-55p79b-pro-thumb-1-550x340.jpg,55 inch,4K,12490000,9290000,https://www.dienmayxanh.com/tivi/google-tv-tcl-4k-tv-55p79b-pro
Hisense Android TV 32A4N,https://cdn.tgdd.vn/Products/Images/1942/327175/android-tivi-led-hisense-32-inch-32a4n-thumb-550x340.jpg,32 inch,HD,4990000,3990000,https://www.dienmayxanh.com/tivi/android-tivi-led-hisense-32-inch-32a4n
LG Smart TV NanoCell 65NANO76SQA,https://cdn.tgdd.vn/Products/Images/1942/278575/smart-nanocell-lg-4k-65-inch-65nano76sqa-200223-095518-550x340.jpg,65 inch,4K,29900000,14590000,https://www.dienmayxanh.com/tivi/smart-nanocell-lg-4k-65-inch-65nano76sqa
Sony Google TV KD-50X77L,https://cdn.tgdd.vn/Products/Images/1942/308369/google-tivi-sony-4k-50-inch-kd-50x77l-010623-032429-550x340.jpg,50 inch,4K,13890000,13190000,https://www.dienmayxanh.com/tivi/google-tivi-sony-4k-50-inch-kd-50x77l
LG Smart TV 43UQ7550PSF,https://cdn.tgdd.vn/Products/Images/1942/278546/smart-lg-4k-43-inch-43uq7550psf-150324-033637-550x340.jpg,43 inch,4K,12900000,8890000,https://www.dienmayxanh.com/tivi/smart-lg-4k-43-inch-43uq7550psf
Samsung Smart TV QLED QA43Q65D,https://cdnv2.tgdd.vn/mwg-static/dmx/Products/Images/1942/322676/tivi-qled-samsung-4k-43-inch-qa43q65d-thumb-638631172902965484-550x340.jpg,43 inch,4K,12900000,11200000,https://www.dienmayxanh.com/tivi/tivi-qled-samsung-4k-43-inch-qa43q65d
AQUA Google TV QLED AQT55S80EUX,https://cdnv2.tgdd.vn/mwg-static/dmx/Products/Images/1942/327167/google-tv-aqua-qled-4k-55-inch-aqt55s80eux-thumb-638645900471510006-550x340.jpg,55 inch,4K,12990000,9990000,https://www.dienmayxanh.com/tivi/google-tv-aqua-qled-4k-55-inch-aqt55s80eux
Sony Google TV KD-32W830K,https://cdnv2.tgdd.vn/mwg-static/dmx/Products/Images/1942/277446/google-sony-32-inch-kd-32w830k-thumb-638655612335107875-550x340.jpg,32 inch,HD,7490000,7490000,https://www.dienmayxanh.com/tivi/google-sony-32-inch-kd-32w830k
Samsung Smart TV UA32T4202,https://cdnv2.tgdd.vn/mwg-static/dmx/Products/Images/1942/296875/smart-tivi-samsung-32-inch-ua32t4202-thumb-638649332482182015-550x340.jpg,32 inch,HD,5900000,5900000,https://www.dienmayxanh.com/tivi/smart-tivi-samsung-32-inch-ua32t4202
Samsung Smart TV QLED QA75Q65D,https://cdnv2.tgdd.vn/mwg-static/dmx/Products/Images/1942/322672/tivi-qled-samsung-4k-75-inch-qa75q65d-thumb-638649346019061996-550x340.jpg,75 inch,4K,33900000,29460000,https://www.dienmayxanh.com/tivi/tivi-qled-samsung-4k-75-inch-qa75q65d
Sony Google TV BRAVIA 3 K-43S30,https://cdn.tgdd.vn/Products/Images/1942/325311/google-tivi-sony-4k-43-inch-k-43s30-thumb-1-550x340.jpg,43 inch,4K,13890000,12790000,https://www.dienmayxanh.com/tivi/google-tivi-sony-4k-43-inch-k-43s30
Sony Google TV KD-43X75K,https://cdn.tgdd.vn/Products/Images/1942/275517/google-sony-4k-43-inch-kd-43x75k-141022-100813-550x340.jpg,43 inch,4K,9890000,9290000,https://www.dienmayxanh.com/tivi/google-sony-4k-43-inch-kd-43x75k
Samsung Smart TV UA70DU7000,https://cdnv2.tgdd.vn/mwg-static/dmx/Products/Images/1942/327652/smart-tivi-samsung-4k-crystal-uhd-70-inch-ua70du7000-thumb-638649354945872211-550x340.jpg,70 inch,4K,24900000,14990000,https://www.dienmayxanh.com/tivi/smart-tivi-samsung-4k-crystal-uhd-70-inch-ua70du7000?utm_flashsale=1
Sony Google TV BRAVIA 3 K-65S30,https://cdn.tgdd.vn/Products/Images/1942/325310/google-tivi-sony-4k-65-inch-k-65s30-thumb-1-550x340.jpg,65 inch,4K,26590000,19990000,https://www.dienmayxanh.com/tivi/google-tivi-sony-4k-65-inch-k-65s30
LG Smart TV NanoCell 43NANO81TSA,https://cdn.tgdd.vn/Products/Images/1942/324923/tivi-nanocell-lg-4k-43-inch-43nano81sqa-thumb-550x340.jpg,43 inch,4K,13900000,11590000,https://www.dienmayxanh.com/tivi/tivi-nanocell-lg-4k-43-inch-43nano81tsa
TCL Google TV 65P79B Pro,https://cdn.tgdd.vn/Products/Images/1942/322219/google-tv-tcl-4k-tv-65p79b-pro-thumb-1-550x340.jpg,65 inch,4K,15490000,11990000,https://www.dienmayxanh.com/tivi/google-tv-tcl-4k-tv-65p79b-pro
TCL Google TV 43P79B,https://cdn.tgdd.vn/Products/Images/1942/322217/google-tv-tcl-4k-43-inch-43p79b-thumb-1-550x340.jpg,43 inch,4K,8290000,7990000,https://www.dienmayxanh.com/tivi/google-tv-tcl-4k-43-inch-43p79b
LG Smart TV 55QNED80TSA,https://cdn.tgdd.vn/Products/Images/1942/324929/tivi-qned-lg-4k-55-inch-55qned80tsa-240424-093409-550x340.jpg,55 inch,4K,22900000,16590000,https://www.dienmayxanh.com/tivi/tivi-qned-lg-4k-55-inch-55qned80tsa
TCL Google TV QLED 55C69B,https://cdn.tgdd.vn/Products/Images/1942/322961/tivi-qled-tcl-4k-55-inch-55c69b-thumb-550x340.jpg,55 inch,4K,13990000,10990000,https://www.dienmayxanh.com/tivi/tivi-qled-tcl-4k-55-inch-55c69b
Samsung Smart TV UA55DU8000,https://cdn.tgdd.vn/Products/Images/1942/322686/smart-tivi-samsung-4k-55-inch-ua55du8000-120324-013138-550x340.jpg,55 inch,4K,15400000,15370000,https://www.dienmayxanh.com/tivi/smart-tivi-samsung-4k-55-inch-ua55du8000
LG Smart TV 65QNED80TSA,https://cdn.tgdd.vn/Products/Images/1942/324928/tivi-qned-lg-4k-65-inch-65qned80tsa-240424-092712-550x340.jpg,65 inch,4K,29900000,18590000,https://www.dienmayxanh.com/tivi/tivi-qned-lg-4k-65-inch-65qned80tsa
Xiaomi Google TV A L43MA-AFSEA,https://cdn.tgdd.vn/Products/Images/1942/328686/google-tivi-xiaomi-a-43-inch-l43ma-afsea-2025-thumb-550x340.jpg,43 inch,Full HD,6490000,5590000,https://www.dienmayxanh.com/tivi/google-tivi-xiaomi-a-43-inch-l43ma-afsea-2025
TCL Google TV 50P79B,https://cdn.tgdd.vn/Products/Images/1942/326476/google-tv-tcl-4k-50-inch-50p79b-thumb-2-550x340.jpg,50 inch,4K,9490000,9490000,https://www.dienmayxanh.com/tivi/google-tv-tcl-4k-50-inch-50p79b
Sony Google TV KD-65X77L,https://cdn.tgdd.vn/Products/Images/1942/308367/google-tivi-sony-4k-65-inch-kd-65x77l-010623-033017-550x340.jpg,65 inch,4K,18890000,18390000,https://www.dienmayxanh.com/tivi/google-tivi-sony-4k-65-inch-kd-65x77l
LG Smart TV 65UT8050PSB,https://cdn.tgdd.vn/Products/Images/1942/324914/tivi-led-lg-4k-65-inch-65ut8050psb-thumb-550x340.jpg,65 inch,4K,19900000,13390000,https://www.dienmayxanh.com/tivi/tivi-led-lg-4k-65-inch-65ut8050psb
Xiaomi Google TV QLED A Pro L43MA-SSEA,https://cdn.tgdd.vn/Products/Images/1942/327370/google-tivi-xiaomi-a-pro-4k-43-inch-l43ma-ssea-thumb-1-550x340.jpg,43 inch,4K,7990000,7090000,https://www.dienmayxanh.com/tivi/google-tivi-xiaomi-a-pro-4k-43-inch-l43ma-ssea
LG Smart TV 65QNED86TSA,https://cdn.tgdd.vn/Products/Images/1942/324921/tivi-qned-lg-4k-65-inch-65qned86tsa-thumb-1-550x340.jpg,65 inch,4K,34900000,23990000,https://www.dienmayxanh.com/tivi/tivi-qned-lg-4k-65-inch-65qned86tsa
LG Smart TV 43UT8050PSB,https://cdn.tgdd.vn/Products/Images/1942/324901/tivi-led-4k-lg-43-inch-43ut8050psb-thum-550x340.jpg,43 inch,4K,11900000,10390000,https://www.dienmayxanh.com/tivi/tivi-led-4k-lg-43-inch-43ut8050psb
TCL Google TV 75P79B Pro,https://cdn.tgdd.vn/Products/Images/1942/322220/google-tv-tcl-4k-75-inch-75p79b-pro-thumb-1-550x340.jpg,75 inch,4K,20990000,14990000,https://www.dienmayxanh.com/tivi/google-tv-tcl-4k-75-inch-75p79b-pro
Samsung Smart TV UA43DU8000,https://cdn.tgdd.vn/Products/Images/1942/322688/smart-tivi-samsung-4k-43-inch-ua43du8000-120324-013605-550x340.jpg,43 inch,4K,11400000,11400000,https://www.dienmayxanh.com/tivi/smart-tivi-samsung-4k-43-inch-ua43du8000
Hisense Google TV 43A6500K,https://cdn.tgdd.vn/Products/Images/1942/321459/TimerThumb/tivi-led-4k-hisense-43a6500k-(9).jpg,43 inch,4K,8990000,6490000,https://www.dienmayxanh.com/tivi/tivi-led-4k-hisense-43a6500k
Sony Google TV BRAVIA 3 K-50S30,https://cdn.tgdd.vn/Products/Images/1942/325312/google-tivi-sony-4k-50-inch-k-50s30-thumb-3-550x340.jpg,50 inch,4K,17890000,15890000,https://www.dienmayxanh.com/tivi/google-tivi-sony-4k-50-inch-k-50s30
AQUA Google TV AQT50K800UG,https://cdn.tgdd.vn/Products/Images/1942/327164/TimerThumb/android-tivi-aqua-50-inch-aqt50k800ug.jpg,50 inch,4K,8490000,7490000,https://www.dienmayxanh.com/tivi/android-tivi-aqua-50-inch-aqt50k800ug
Samsung Smart TV UA50CU8000,https://cdn.tgdd.vn/Products/Images/1942/303232/smart-tivi-samsung-4k-50-inch-ua50cu8000-020323-111727-550x340.jpg,50 inch,4K,12400000,12400000,https://www.dienmayxanh.com/tivi/smart-tivi-samsung-4k-50-inch-ua50cu8000
TCL Google TV QLED 65C69B,https://cdn.tgdd.vn/Products/Images/1942/322962/google-tivi-qled-tcl-4k-65-inch-65c69b-thumb-550x340.jpg,65 inch,4K,17990000,13590000,https://www.dienmayxanh.com/tivi/google-tivi-qled-tcl-4k-65-inch-65c69b
LG Smart TV 55QNED86TSA,https://cdn.tgdd.vn/Products/Images/1942/325499/tivi-qned-lg-4k-55-inch-55qned86tsa-thumb-550x340.jpg,55 inch,4K,27900000,19900000,https://www.dienmayxanh.com/tivi/tivi-qned-lg-4k-55-inch-55qned86tsa
LG Smart TV 50UT8050PSB,https://cdn.tgdd.vn/Products/Images/1942/324903/tivi-led-4k-lg-50inch-50ut8050psb-thumb-550x340.jpg,50 inch,4K,14900000,11590000,https://www.dienmayxanh.com/tivi/tivi-led-4k-lg-50inch-50ut8050psb
LG Smart TV 75UT8050PSB,https://cdn.tgdd.vn/Products/Images/1942/324915/tivi-led-lg-4k-75-inch-75ut8050psb-thumb-550x340.jpg,75 inch,4K,30900000,22490000,https://www.dienmayxanh.com/tivi/tivi-led-lg-4k-75-inch-75ut8050psb
Sony Google TV KD-65X80K,https://cdn.tgdd.vn/Products/Images/1942/274760/android-sony-4k-65-inch-kd-65x80k-1-550x340.png,65 inch,4K,21890000,18890000,https://www.dienmayxanh.com/tivi/android-sony-4k-65-inch-kd-65x80k
Samsung Smart TV UA65DU8000,https://cdn.tgdd.vn/Products/Images/1942/322685/smart-tivi-samsung-4k-65-inch-ua65du8000-120324-022657-550x340.jpg,65 inch,4K,18400000,18370000,https://www.dienmayxanh.com/tivi/smart-tivi-samsung-4k-65-inch-ua65du8000
Samsung Smart TV QLED QA55Q60B,https://cdnv2.tgdd.vn/mwg-static/dmx/Products/Images/1942/273925/smart-qled-4k-55-inch-samsung-qa55q60b-thumb-638649326191894727-550x340.jpg,55 inch,4K,15900000,12490000,https://www.dienmayxanh.com/tivi/smart-qled-4k-55-inch-samsung-qa55q60b
Sony Google TV KD-55X75K,https://cdn.tgdd.vn/Products/Images/1942/275512/google-sony-4k-55-inch-kd-55x75k-141022-100453-550x340.jpg,55 inch,4K,14390000,13490000,https://www.dienmayxanh.com/tivi/google-sony-4k-55-inch-kd-55x75k
Samsung Smart TV QLED QA55Q70D,https://cdnv2.tgdd.vn/mwg-static/dmx/Products/Images/1942/322671/tivi-qled-samsung-4k-55-inch-qa55q70d-thumb-638649342494779806-550x340.jpg,55 inch,4K,21900000,20490000,https://www.dienmayxanh.com/tivi/tivi-qled-samsung-4k-55-inch-qa55q70d
Samsung Smart TV QLED QA65Q70D,https://cdnv2.tgdd.vn/mwg-static/dmx/Products/Images/1942/322668/tivi-qled-samsung-4k-65-inch-qa65q70d-thumb-638649341372073477-550x340.jpg,65 inch,4K,26400000,24890000,https://www.dienmayxanh.com/tivi/tivi-qled-samsung-4k-65-inch-qa65q70d
Samsung Smart TV QLED QA50Q60C,https://cdn.tgdd.vn/Products/Images/1942/303227/smart-tivi-qled-4k-50-inch-samsung-qa50q60c-240323-033511-550x340.jpg,50 inch,4K,14900000,14790000,https://www.dienmayxanh.com/tivi/smart-tivi-qled-4k-50-inch-samsung-qa50q60c
LG Smart TV 55UQ7550PSF,https://cdn.tgdd.vn/Products/Images/1942/278549/smart-lg-4k-55-inch-55uq7550psf-150324-035146-550x340.jpg,55 inch,4K,16900000,10990000,https://www.dienmayxanh.com/tivi/smart-lg-4k-55-inch-55uq7550psf
Samsung Smart TV QLED QA43Q60C,https://cdn.tgdd.vn/Products/Images/1942/303226/smart-tivi-qled-4k-43-inch-samsung-qa43q60c-5-1-550x340.jpg,43 inch,4K,12700000,12700000,https://www.dienmayxanh.com/tivi/smart-tivi-qled-4k-43-inch-samsung-qa43q60c
LG Smart TV NanoCell 50NANO81TSA,https://cdn.tgdd.vn/Products/Images/1942/324925/tivi-nanocell-lg-4k-50-inch-50nano81sqa-thumb-550x340.jpg,50 inch,4K,16400000,13590000,https://www.dienmayxanh.com/tivi/tivi-nanocell-lg-4k-50-inch-50nano81tsa
Smart Tivi Samsung 4K Crystal UHD 43 inch UA43BU8000,https://cdnv2.tgdd.vn/mwg-static/dmx/Products/Images/1942/273392/smart-samsung-4k-43-inch-ua43bu8000-thumb-638649318584782254-550x340.jpg,43 inch,4K,9900000,8990000,https://www.dienmayxanh.com/tivi/smart-samsung-4k-43-inch-ua43bu8000
LG Smart TV 75UR7550PSC,https://cdn.tgdd.vn/Products/Images/1942/306596/smart-tivi-lg-4k-75-inch-75ur7550psc-8-550x340.jpg,75 inch,4K,26900000,18490000,https://www.dienmayxanh.com/tivi/smart-tivi-lg-4k-75-inch-75ur7550psc
LG Smart TV 65UR7550PSC,https://cdn.tgdd.vn/Products/Images/1942/306591/smart-tivi-lg-4k-65-inch-65ur7550psc-0-550x340.jpg,65 inch,4K,16900000,14900000,https://www.dienmayxanh.com/tivi/smart-tivi-lg-4k-65-inch-65ur7550psc
Toshiba Smart TV 55E330MP,https://cdn.tgdd.vn/Products/Images/1942/311368/smart-tivi-toshiba-4k-55-inch-55e330mp-280723-033347-550x340.jpg,55 inch,4K,11990000,9590000,https://www.dienmayxanh.com/tivi/smart-tivi-toshiba-4k-55-inch-55e330mp
Sony Google TV BRAVIA 3 K-75S30,https://cdn.tgdd.vn/Products/Images/1942/325314/google-tivi-sony-4k-75-inch-k-75s30-thumb-1-550x340.jpg,75 inch,4K,39090000,27990000,https://www.dienmayxanh.com/tivi/google-tivi-sony-4k-75-inch-k-75s30
Xiaomi Google TV QLED A Pro L55MA-SSEA,https://cdn.tgdd.vn/Products/Images/1942/327369/google-tivi-xiaomi-a-pro-4k-55-inch-l55ma-ssea-thumb-2-550x340.jpg,55 inch,4K,11490000,10090000,https://www.dienmayxanh.com/tivi/google-tivi-xiaomi-a-pro-4k-55-inch-l55ma-ssea
LG Smart TV OLED 55C4PSA,https://cdn.tgdd.vn/Products/Images/1942/324908/tivi-oled-lg-4k-55-inch-55c4psa-thumb-550x340.jpg,55 inch,4K,44900000,32690000,https://www.dienmayxanh.com/tivi/tivi-oled-lg-4k-55-inch-55c4psa
AQUA Google TV QLED AQT70K800UX,https://cdn.tgdd.vn/Products/Images/1942/327551/TimerThumb/google-tivi-aqua-qled-4k-70-inch-aqt70k800ux.jpg,70 inch,4K,14490000,11990000,https://www.dienmayxanh.com/tivi/google-tivi-aqua-qled-4k-70-inch-aqt70k800ux
LG Smart TV OLED 65B4PSA,https://cdn.tgdd.vn/Products/Images/1942/324911/tivi-oled-lg-4k-65-inch-65b4psa-230424-040429-550x340.jpg,65 inch,4K,59900000,37790000,https://www.dienmayxanh.com/tivi/tivi-oled-lg-4k-65-inch-65b4psa
LG Smart TV 75QNED80TSA,https://cdn.tgdd.vn/Products/Images/1942/324926/tivi-qned-lg-4k-75-inch-75qned80tsa-240424-092421-550x340.jpg,75 inch,4K,43900000,28890000,https://www.dienmayxanh.com/tivi/tivi-qned-lg-4k-75-inch-75qned80tsa
LG Smart TV NanoCell 75NANO81TSA,https://cdn.tgdd.vn/Products/Images/1942/324927/tivi-nanocell-lg-4k-75-inch-75nano81sqa-thumb-550x340.jpg,75 inch,4K,36900000,23390000,https://www.dienmayxanh.com/tivi/tivi-nanocell-lg-4k-75-inch-75nano81tsa
AQUA Google TV QLED AQT55S800UX,https://cdn.tgdd.vn/Products/Images/1942/327171/google-tv-aqua-qled-4k-55-inch-aqt55s800ux-thumb-550x340.jpg,55 inch,4K,14990000,11990000,https://www.dienmayxanh.com/tivi/google-tv-aqua-qled-4k-55-inch-aqt55s800ux
Toshiba Google TV QLED 55M550LP,https://cdn.tgdd.vn/Products/Images/1942/297329/google-tivi-qled-toshiba-4k-55-inch-55m550lp-10-550x340.jpg,55 inch,4K,14990000,10990000,https://www.dienmayxanh.com/tivi/google-tivi-qled-toshiba-4k-55-inch-55m550lp
Sony Google TV KD-75X77L,https://cdn.tgdd.vn/Products/Images/1942/308366/google-tivi-sony-4k-75-inch-kd-75x77l-010623-033210-550x340.jpg,75 inch,4K,30890000,26890000,https://www.dienmayxanh.com/tivi/google-tivi-sony-4k-75-inch-kd-75x77l
Toshiba Google TV 65C350LP,https://cdn.tgdd.vn/Products/Images/1942/297322/google-tivi-toshiba-4k-65-inch-65c350lp-10-550x340.jpg,65 inch,4K,20990000,11990000,https://www.dienmayxanh.com/tivi/google-tivi-toshiba-4k-65-inch-65c350lp
LG Smart TV OLED 65C4PSA,https://cdn.tgdd.vn/Products/Images/1942/324907/tivi-oled-lg-4k-65-inch-65c4psa-thumb-550x340.jpg,65 inch,4K,69900000,50690000,https://www.dienmayxanh.com/tivi/tivi-oled-lg-4k-65-inch-65c4psa
Samsung Smart TV QLED QA65Q60B,https://cdnv2.tgdd.vn/mwg-static/dmx/Products/Images/1942/273923/smart-qled-4k-65-inch-samsung-qa65q60b-thumb-638649325372130738-550x340.jpg,65 inch,4K,18900000,13990000,https://www.dienmayxanh.com/tivi/smart-qled-4k-65-inch-samsung-qa65q60b
TCL Google TV QLED 75C69B,https://cdn.tgdd.vn/Products/Images/1942/322963/tivi-qled-tcl-4k-75-inch-75c69b-thumb-550x340.jpg,75 inch,4K,25990000,18990000,https://www.dienmayxanh.com/tivi/tivi-qled-tcl-4k-75-inch-75c69b
TCL Google TV QLED 98C69B,https://cdn.tgdd.vn/Products/Images/1942/322965/google-tivi-qled-tcl-4k-98-inch-98c69b-thumb-550x340.jpg,98 inch,4K,69900000,39990000,https://www.dienmayxanh.com/tivi/google-tivi-qled-tcl-4k-98-inch-98c69b
Toshiba Google TV 43C350LP,https://cdn.tgdd.vn/Products/Images/1942/297318/google-tivi-toshiba-4k-43-inch-43c350lp-10-550x340.jpg,43 inch,4K,9990000,7990000,https://www.dienmayxanh.com/tivi/google-tivi-toshiba-4k-43-inch-43c350lp
Samsung Smart TV QLED QA65Q60C,https://cdn.tgdd.vn/Products/Images/1942/303224/smart-tivi-qled-4k-65-inch-samsung-qa65q60c-020323-110719-550x340.jpg,65 inch,4K,18900000,18900000,https://www.dienmayxanh.com/tivi/smart-tivi-qled-4k-65-inch-samsung-qa65q60c
Samsung Smart TV QLED QA55QN85D,https://cdn.tgdd.vn/Products/Images/1942/322651/tivi-neo-qled-samsung-4k-55-inchqa55qn85d-280324-112410-550x340.jpg,55 inch,4K,35900000,28400000,https://www.dienmayxanh.com/tivi/tivi-neo-qled-samsung-4k-55-inchqa55qn85d
LG Smart TV 55UQ8000PSC,https://cdn.tgdd.vn/Products/Images/1942/278554/smart-lg-4k-55-inch-55uq8000psc-00-550x340.jpg,55 inch,4K,19900000,13900000,https://www.dienmayxanh.com/tivi/smart-lg-4k-55-inch-55uq8000psc
LG Smart TV 75UQ8000PSC,https://cdn.tgdd.vn/Products/Images/1942/278557/smart-lg-4k-75-inch-75uq8000psc-00-550x340.jpg,75 inch,4K,35900000,22900000,https://www.dienmayxanh.com/tivi/smart-lg-4k-75-inch-75uq8000psc
Xiaomi Google TV A L55M8-P2SEA,https://cdn.tgdd.vn/Products/Images/1942/312857/google-tivi-xiaomi-4k-55-inch-l55m8-p2sea-290923-035311-550x340.jpg,55 inch,4K,10990000,8990000,https://www.dienmayxanh.com/tivi/google-tivi-xiaomi-4k-55-inch-l55m8-p2sea
Samsung Smart TV QLED QA65QN85D,https://cdn.tgdd.vn/Products/Images/1942/322650/tivi-neo-qled-samsung-4k-65-inch-qa65qn85d-280324-112133-550x340.jpg,65 inch,4K,44900000,39900000,https://www.dienmayxanh.com/tivi/tivi-neo-qled-samsung-4k-65-inch-qa65qn85d
LG Smart TV 75QNED86TSA,https://cdn.tgdd.vn/Products/Images/1942/324920/tivi-qned-lg-4k-75-inch-75qned86tsa-thumb-1-550x340.jpg,75 inch,4K,49900000,34690000,https://www.dienmayxanh.com/tivi/tivi-qned-lg-4k-75-inch-75qned86tsa
Hisense Google TV 43U6K,https://cdn.tgdd.vn/Products/Images/1942/321453/tivi-uled-4k-hisense-43u6k-220124-054956-550x340.jpg,43 inch,4K,11990000,7490000,https://www.dienmayxanh.com/tivi/tivi-uled-4k-hisense-43u6k
LG Smart TV OLED 77C4PSA,https://cdn.tgdd.vn/Products/Images/1942/324906/tivi-oled-lg-4k-77-inch-77c4psa-thumb-550x340.jpg,77 inch,4K,109900000,74490000,https://www.dienmayxanh.com/tivi/tivi-oled-lg-4k-77-inch-77c4psa
Sony Google TV BRAVIA 3 K-85S30,https://cdn.tgdd.vn/Products/Images/1942/325315/google-tivi-sony-4k-85-inch-k-85s30-thumb-1-550x340.jpg,85 inch,4K,55790000,42890000,https://www.dienmayxanh.com/tivi/google-tivi-sony-4k-85-inch-k-85s30
TCL Google TV 55P737,https://cdn.tgdd.vn/Products/Images/1942/272080/android-tcl-4k-55-inch-55p737-thumb-550x340.jpg,55 inch,4K,10990000,9550000,https://www.dienmayxanh.com/tivi/android-tcl-4k-55-inch-55p737
Sony Google TV KD-50X80K,https://cdn.tgdd.vn/Products/Images/1942/274762/android-sony-4k-50-inch-kd-50x80k-180322-022840-550x340.png,50 inch,4K,16390000,13890000,https://www.dienmayxanh.com/tivi/android-sony-4k-50-inch-kd-50x80k
Samsung Smart TV QLED QA55Q60C,https://cdn.tgdd.vn/Products/Images/1942/303225/smart-tivi-qled-4k-55-inch-samsung-qa55q60c-020323-105917-550x340.jpg,55 inch,4K,15900000,15700000,https://www.dienmayxanh.com/tivi/smart-tivi-qled-4k-55-inch-samsung-qa55q60c
LG Smart TV 86UT8050PSB,https://cdn.tgdd.vn/Products/Images/1942/324919/tivi-led-lg-4k-86-inch-86ut8050psb-thumb-1-550x340.jpg,86 inch,4K,49900000,34490000,https://www.dienmayxanh.com/tivi/tivi-led-lg-4k-86-inch-86ut8050psb
AQUA Google TV QLED AQT65S80EUX,https://cdn.tgdd.vn/Products/Images/1942/327168/google-tv-aqua-qled-4k-65-inch-aqt65s80eux-thumb-550x340.jpg,65 inch,4K,14990000,13990000,https://www.dienmayxanh.com/tivi/google-tv-aqua-qled-4k-65-inch-aqt65s80eux
Samsung Smart TV UA65BU8000,https://cdnv2.tgdd.vn/mwg-static/dmx/Products/Images/1942/273380/smart-samsung-4k-65-inch-ua65bu8000-thumb-638649315131073449-550x340.jpg,65 inch,4K,15900000,15660000,https://www.dienmayxanh.com/tivi/smart-samsung-4k-65-inch-ua65bu8000
Samsung Smart TV UA50BU8000,https://cdnv2.tgdd.vn/mwg-static/dmx/Products/Images/1942/273389/smart-samsung-4k-50-inch-ua50bu8000-thumb-638649316818038814-550x340.jpg,50 inch,4K,11900000,10990000,https://www.dienmayxanh.com/tivi/smart-samsung-4k-50-inch-ua50bu8000
Samsung Smart TV QLED QA43Q60B,https://cdnv2.tgdd.vn/mwg-static/dmx/Products/Images/1942/273928/smart-qled-4k-43-inch-samsung-qa43q60b-thumb-638649328223433061-550x340.jpg,43 inch,4K,12900000,9990000,https://www.dienmayxanh.com/tivi/smart-qled-4k-43-inch-samsung-qa43q60b
LG Smart TV 65UQ8000PSC,https://cdn.tgdd.vn/Products/Images/1942/278555/smart-lg-4k-65-inch-65uq8000psc-00-550x340.jpg,65 inch,4K,25400000,15900000,https://www.dienmayxanh.com/tivi/smart-lg-4k-65-inch-65uq8000psc
Sony Google TV XR-55X90L,https://cdn.tgdd.vn/Products/Images/1942/306492/google-tivi-sony-4k-55-inch-xr-55x90l-150523-043926-550x340.jpg,55 inch,4K,26890000,26890000,https://www.dienmayxanh.com/tivi/google-tivi-sony-4k-55-inch-xr-55x90l
LG Smart TV OLED 83C3PSA,https://cdn.tgdd.vn/Products/Images/1942/306579/smart-tivi-oled-lg-4k-83-inch-83c3psa-020823-045225-550x340.jpg,83 inch,4K,149000000,89890000,https://www.dienmayxanh.com/tivi/smart-tivi-oled-lg-4k-83-inch-83c3psa
Sony Google TV XR-65X90L,https://cdn.tgdd.vn/Products/Images/1942/307263/google-tivi-sony-4k-65-inch-xr-65x90l-150523-044259-550x340.jpg,65 inch,4K,36390000,31890000,https://www.dienmayxanh.com/tivi/google-tivi-sony-4k-65-inch-xr-65x90l
Samsung Smart TV OLED QA77S95D,https://cdn.tgdd.vn/Products/Images/1942/322652/tivi-oled-samsung-4k-77-inch-qa77s95d-280324-113301-550x340.jpg,77 inch,4K,109900000,85590000,https://www.dienmayxanh.com/tivi/tivi-oled-samsung-4k-77-inch-qa77s95d
Samsung Smart TV QLED QA55Q80D,https://cdn.tgdd.vn/Products/Images/1942/322663/tivi-qled-samsung-4k-55-inch-qa55qn80d-120324-012646-550x340.jpg,55 inch,4K,26900000,25890000,https://www.dienmayxanh.com/tivi/tivi-qled-samsung-4k-55-inch-qa55q80d
Samsung Smart TV QLED Khung tranh QA55LS03D,https://cdnv2.tgdd.vn/mwg-static/dmx/Products/Images/1942/322680/tivi-qled-khung-tranh-samsung-4k-55-inch-qa55ls03d-thumb-638649351571025395-550x340.jpg,55 inch,4K,27400000,27370000,https://www.dienmayxanh.com/tivi/tivi-qled-khung-tranh-samsung-4k-55-inch-qa55ls03d
TCL Google TV QLED 85C69B,https://cdn.tgdd.vn/Products/Images/1942/322964/google-tivi-qled-tcl-4k-85-inch-85c69b-thumb-550x340.jpg,85 inch,4K,39990000,37240000,https://www.dienmayxanh.com/tivi/google-tivi-qled-tcl-4k-85-inch-85c69b
AQUA Google TV QLED AQT65S800UX,https://cdnv2.tgdd.vn/mwg-static/dmx/Products/Images/1942/327172/google-tv-aqua-qled-4k-65-inch-aqt65s800ux-thumb-638645971165423373-550x340.jpg,65 inch,4K,17990000,14990000,https://www.dienmayxanh.com/tivi/google-tv-aqua-qled-4k-65-inch-aqt65s800ux
Xiaomi Google TV QLED A Pro L65MA-SSEA,https://cdnv2.tgdd.vn/mwg-static/dmx/Products/Images/1942/330421/google-tivi-xiaomi-a-pro-4k-65-inch-l65ma-ssea-thumb-638634835920148847-550x340.jpg,65 inch,4K,13990000,13990000,https://www.dienmayxanh.com/tivi/google-tivi-xiaomi-a-pro-4k-65-inch-l65ma-ssea
LG Smart TV 43UQ8000PSC,https://cdn.tgdd.vn/Products/Images/1942/278552/smart-lg-4k-43-inch-43uq8000psc-00-550x340.jpg,43 inch,4K,14400000,9900000,https://www.dienmayxanh.com/tivi/smart-lg-4k-43-inch-43uq8000psc
LG Smart TV NanoCell 50NANO76SQA,https://cdn.tgdd.vn/Products/Images/1942/278577/smart-nanocell-lg-4k-50-inch-50nano76sqa-230522-104358-550x340.jpg,50 inch,4K,19400000,14390000,https://www.dienmayxanh.com/tivi/smart-nanocell-lg-4k-50-inch-50nano76sqa
LG Smart TV 86QNED80SRA,https://cdn.tgdd.vn/Products/Images/1942/306588/smart-tivi-qned-lg-4k-86-inch-86qned80sra-080523-110308-550x340.jpg,86 inch,4K,64900000,54890000,https://www.dienmayxanh.com/tivi/smart-tivi-qned-lg-4k-86-inch-86qned80sra
Sony Google TV XR-75X90L,https://cdn.tgdd.vn/Products/Images/1942/307264/google-tivi-sony-4k-75-inch-xr-75x90l-150523-045110-550x340.jpg,75 inch,4K,39890000,39890000,https://www.dienmayxanh.com/tivi/google-tivi-sony-4k-75-inch-xr-75x90l
Samsung Smart TV QLED Khung tranh QA65LS03D,https://cdnv2.tgdd.vn/mwg-static/dmx/Products/Images/1942/322679/tivi-qled-khung-tranh-samsung-4k-65-inch-qa65ls03d-thumb-638649348380100686-550x340.jpg,65 inch,4K,34900000,34900000,https://www.dienmayxanh.com/tivi/tivi-qled-khung-tranh-samsung-4k-65-inch-qa65ls03d
Samsung Smart TV UA75DU8000,https://cdn.tgdd.vn/Products/Images/1942/322684/smart-tivi-samsung-4k-75-inch-ua75du8000-120324-022633-550x340.jpg,75 inch,4K,29400000,29400000,https://www.dienmayxanh.com/tivi/smart-tivi-samsung-4k-75-inch-ua75du8000
Samsung Smart TV UA98DU9000,https://cdnv2.tgdd.vn/mwg-static/dmx/Products/Images/1942/325643/smart-tivi-samsung-4k-98-inch-ua98du9000-thumb-638649353971800546-550x340.jpg,98 inch,4K,98900000,79260000,https://www.dienmayxanh.com/tivi/smart-tivi-samsung-4k-98-inch-ua98du9000
Samsung Smart TV QLED QA50Q60B,https://cdnv2.tgdd.vn/mwg-static/dmx/Products/Images/1942/273927/smart-qled-4k-50-inch-samsung-qa50q60b-thumb-638649327101589051-550x340.jpg,50 inch,4K,14900000,14900000,https://www.dienmayxanh.com/tivi/smart-qled-4k-50-inch-samsung-qa50q60b
Sony Google TV KD-65X75K,https://cdn.tgdd.vn/Products/Images/1942/275510/google-sony-4k-65-inch-kd-65x75k-141022-100711-550x340.jpg,65 inch,4K,17890000,16990000,https://www.dienmayxanh.com/tivi/google-sony-4k-65-inch-kd-65x75k
Sony Google TV KD-50X75K,https://cdn.tgdd.vn/Products/Images/1942/275514/google-sony-4k-50-inch-kd-50x75k-141022-100025-550x340.jpg,50 inch,4K,13390000,12490000,https://www.dienmayxanh.com/tivi/google-sony-4k-50-inch-kd-50x75k
LG Smart TV NanoCell 43NANO76SQA,https://cdn.tgdd.vn/Products/Images/1942/278578/smart-nanocell-lg-4k-43-inch-43nano76sqa-230522-104925-550x340.jpg,43 inch,4K,15900000,11890000,https://www.dienmayxanh.com/tivi/smart-nanocell-lg-4k-43-inch-43nano76sqa
Toshiba Google TV 55C350LP,https://cdn.tgdd.vn/Products/Images/1942/297321/google-tivi-toshiba-4k-55-inch-55c350lp-10-550x340.jpg,55 inch,4K,14990000,11990000,https://www.dienmayxanh.com/tivi/google-tivi-toshiba-4k-55-inch-55c350lp
TCL Google TV QLED 55Q646,https://cdn.tgdd.vn/Products/Images/1942/303515/google-tivi-qled-tcl-4k-55-inch-55q646-210323-094130-550x340.jpg,55 inch,4K,14990000,9890000,https://www.dienmayxanh.com/tivi/google-tivi-qled-tcl-4k-55-inch-55q646
Hisense Google TV 65A6500K,https://cdn.tgdd.vn/Products/Images/1942/321456/tivi-led-4k-hisense-65a6500k-220124-114951-550x340.jpg,65 inch,4K,15990000,11690000,https://www.dienmayxanh.com/tivi/tivi-led-4k-hisense-65a6500k
Samsung Smart TV OLED QA65S95D,https://cdnv2.tgdd.vn/mwg-static/dmx/Products/Images/1942/322653/tivi-oled-samsung-4k-65-inch-qa65s95d-thumb-638649337336026961-550x340.jpg,65 inch,4K,69900000,61490000,https://www.dienmayxanh.com/tivi/tivi-oled-samsung-4k-65-inch-qa65s95d
LG Smart TV 50QNED80TSA,https://cdn.tgdd.vn/Products/Images/1942/324932/tivi-qned-lg-4k-50-inch-50qned80tsa-240424-093830-550x340.jpg,50 inch,4K,19900000,15390000,https://www.dienmayxanh.com/tivi/tivi-qned-lg-4k-50-inch-50qned80tsa
TCL Google TV 65P737,https://cdn.tgdd.vn/Products/Images/1942/272081/android-tcl-4k-65-inch-65p737_thumb1-550x340.jpg,65 inch,4K,14490000,12250000,https://www.dienmayxanh.com/tivi/android-tcl-4k-65-inch-65p737
Samsung Smart TV UA85BU8000,https://cdnv2.tgdd.vn/mwg-static/dmx/Products/Images/1942/273377/smart-samsung-4k-85-inch-ua85bu8000-thumb-638649313879544419-550x340.jpg,85 inch,4K,41900000,41900000,https://www.dienmayxanh.com/tivi/smart-samsung-4k-85-inch-ua85bu8000
Toshiba Google TV QLED 50M550LP,https://cdn.tgdd.vn/Products/Images/1942/297326/google-tivi-qled-toshiba-4k-50-inch-50m550lp-10-550x340.jpg,50 inch,4K,12990000,9490000,https://www.dienmayxanh.com/tivi/google-tivi-qled-toshiba-4k-50-inch-50m550lp
Samsung Smart TV QLED QA50Q80C,https://cdn.tgdd.vn/Products/Images/1942/303218/smart-tivi-qled-4k-50-inch-samsung-qa50q80c-5-1-550x340.jpg,50 inch,4K,23900000,23900000,https://www.dienmayxanh.com/tivi/smart-tivi-qled-4k-50-inch-samsung-qa50q80c
Samsung Smart TV QLED QA85Q70C,https://cdn.tgdd.vn/Products/Images/1942/303219/smart-tivi-qled-4k-85-inch-samsung-qa85q70c-020323-105717-550x340.jpg,85 inch,4K,64900000,64900000,https://www.dienmayxanh.com/tivi/smart-tivi-qled-4k-85-inch-samsung-qa85q70c
TCL Google TV QLED 65Q646,https://cdn.tgdd.vn/Products/Images/1942/303514/google-tivi-qled-tcl-4k-65-inch-65q646-1-2-550x340.jpg,65 inch,4K,18990000,11990000,https://www.dienmayxanh.com/tivi/google-tivi-qled-tcl-4k-65-inch-65q646
Sony Google TV OLED XR-65A80L,https://cdn.tgdd.vn/Products/Images/1942/304821/google-tivi-oled-sony-4k-65-inch-65a80l-280323-044654-550x340.jpg,65 inch,4K,64890000,58890000,https://www.dienmayxanh.com/tivi/google-tivi-oled-sony-4k-65-inch-65a80l
LG Smart TV 65QNED86SRA,https://cdn.tgdd.vn/Products/Images/1942/306589/smart-tivi-qned-lg-4k-65-inch-65qned86sra-080523-110628-550x340.jpg,65 inch,4K,54900000,54900000,https://www.dienmayxanh.com/tivi/smart-tivi-qned-lg-4k-65-inch-65qned86sra
TCL Google TV 55C755,https://cdn.tgdd.vn/Products/Images/1942/320281/google-tv-tcl-qd-mini-led-4k-55c755-thumb-550x340.jpg,55 inch,4K,21990000,19990000,https://www.dienmayxanh.com/tivi/google-tv-tcl-qd-mini-led-4k-55c755
Hisense Android TV 40A4200G,https://cdn.tgdd.vn/Products/Images/1942/321460/TimerThumb/tivi-led-hisense-40a4200g-(9).jpg,40 inch,Full HD,6990000,6990000,https://www.dienmayxanh.com/tivi/tivi-led-hisense-40a4200g
Samsung Smart TV QLED QA75QN90D,https://cdnv2.tgdd.vn/mwg-static/dmx/Products/Images/1942/322642/tivi-neo-qled-samsung-4k-75-inch-qa75qn90d-thumb-638649336161568532-550x340.jpg,75 inch,4K,84900000,78890000,https://www.dienmayxanh.com/tivi/tivi-neo-qled-samsung-4k-75-inch-qa75qn90d
Samsung Smart TV QLED QA55QN90D,https://cdn.tgdd.vn/Products/Images/1942/322645/tivi-neo-qled-samsung-4k-55-inch-qa55qn90d-280324-104653-550x340.jpg,55 inch,4K,44900000,34590000,https://www.dienmayxanh.com/tivi/tivi-neo-qled-samsung-4k-55-inch-qa55qn90d
Samsung Smart TV QLED QA65Q80D,https://cdn.tgdd.vn/Products/Images/1942/322660/tivi-qled-samsung-4k-65-inch-qa65qn80d-120324-012519-550x340.jpg,65 inch,4K,32900000,32890000,https://www.dienmayxanh.com/tivi/tivi-qled-samsung-4k-65-inch-qa65q80d
Samsung Smart TV QLED QA85Q70D,https://cdn.tgdd.vn/Products/Images/1942/322664/tivi-qled-samsung-4k-85-inch-qa85qn70d-120324-020608-550x340.jpg,85 inch,4K,64900000,48790000,https://www.dienmayxanh.com/tivi/tivi-qled-samsung-4k-85-inch-qa85q70d
LG Smart TV OLED 65G4PSA,https://cdn.tgdd.vn/Products/Images/1942/324900/tivi-oled-4k-lg-65-inch-65g4psa-thumb-1-550x340.jpg,65 inch,4K,74900000,64490000,https://www.dienmayxanh.com/tivi/tivi-oled-4k-lg-65-inch-65g4psa
LG Smart TV OLED 55G4PSA,https://cdn.tgdd.vn/Products/Images/1942/324902/tivi-oled-lg-55g4psa-060524-054655-550x340.jpg,55 inch,4K,54900000,47690000,https://www.dienmayxanh.com/tivi/tivi-oled-lg-55g4psa
Sony Google TV QLED Mini LED BRAVIA 7 K-65XR70,https://cdn.tgdd.vn/Products/Images/1942/325318/google-tivi-mini-led-sony-4k-65-inch-k-65xr70-thumb-550x340.jpg,65 inch,4K,63390000,47890000,https://www.dienmayxanh.com/tivi/google-tivi-mini-led-sony-4k-65-inch-k-65xr70
Samsung Smart TV QLED QA75Q60B,https://cdnv2.tgdd.vn/mwg-static/dmx/Products/Images/1942/273922/smart-qled-4k-75-inch-samsung-qa75q60b-thumb-638649324459834479-550x340.jpg,75 inch,4K,31900000,28900000,https://www.dienmayxanh.com/tivi/smart-qled-4k-75-inch-samsung-qa75q60b
Sony Google TV KD-75X80K,https://cdn.tgdd.vn/Products/Images/1942/274757/android-sony-4k-75-inch-kd-75x80k-180322-021915-550x340.png,75 inch,4K,32890000,28900000,https://www.dienmayxanh.com/tivi/android-sony-4k-75-inch-kd-75x80k
LG Smart TV OLED 55G2PSA,https://cdn.tgdd.vn/Products/Images/1942/278544/smart-oled-lg-4k-55-inch-55g2psa-021222-104712-550x340.jpg,55 inch,4K,58900000,58900000,https://www.dienmayxanh.com/tivi/smart-oled-lg-4k-55-inch-55g2psa
LG Smart TV NanoCell 75NANO76SQA,https://cdn.tgdd.vn/Products/Images/1942/278572/smart-nanocell-lg-4k-75-inch-75nano76sqa-200223-095710-550x340.jpg,75 inch,4K,46900000,25900000,https://www.dienmayxanh.com/tivi/smart-nanocell-lg-4k-75-inch-75nano76sqa
Toshiba Smart TV OLED 55X9900LP,https://cdn.tgdd.vn/Products/Images/1942/297332/vidaa-u6-tivi-oled-toshiba-4k-55-inch-55x9900lp-281122-042441-550x340.jpg,55 inch,4K,35990000,25990000,https://www.dienmayxanh.com/tivi/smart-tivi-oled-toshiba-4k-55-inch-55x9900lp
Toshiba Smart TV OLED 65X9900LP,https://cdn.tgdd.vn/Products/Images/1942/297333/vidaa-u6-tivi-oled-toshiba-4k-65-inch-65x9900lp-281122-043431-550x340.jpg,65 inch,4K,45990000,33990000,https://www.dienmayxanh.com/tivi/smart-tivi-oled-toshiba-4k-65-inch-65x9900lp
Samsung Smart TV QLED QA55Q80C,https://cdn.tgdd.vn/Products/Images/1942/303216/smart-tivi-qled-4k-55-inch-samsung-qa55q80c-020323-104834-550x340.jpg,55 inch,4K,25900000,25900000,https://www.dienmayxanh.com/tivi/smart-tivi-qled-4k-55-inch-samsung-qa55q80c
Sony Google TV OLED XR-55A80L,https://cdn.tgdd.vn/Products/Images/1942/304823/google-tivi-oled-sony-4k-55-inch-55a80l-280323-045458-550x340.jpg,55 inch,4K,46890000,39890000,https://www.dienmayxanh.com/tivi/google-tivi-oled-sony-4k-55-inch-55a80l
TCL Google TV 75P737,https://cdn.tgdd.vn/Products/Images/1942/306071/google-tivi-tcl-4k-75-inch-75p737-180423-114858-550x340.jpg,75 inch,4K,19990000,16250000,https://www.dienmayxanh.com/tivi/google-tivi-tcl-4k-75-inch-75p737
LG Smart TV OLED 65G3PSA,https://cdn.tgdd.vn/Products/Images/1942/306581/smart-tivi-oled-evo-lg-4k-65-inch-65g3psa-150823-113539-550x340.jpg,65 inch,4K,74900000,64900000,https://www.dienmayxanh.com/tivi/smart-tivi-oled-evo-lg-4k-65-inch-65g3psa
LG Smart TV 65UR9050PSK,https://cdn.tgdd.vn/Products/Images/1942/306594/smart-tivi-lg-4k-65-inch-65ur9050psk-080523-112252-550x340.jpg,65 inch,4K,21900000,21900000,https://www.dienmayxanh.com/tivi/smart-tivi-lg-4k-65-inch-65ur9050psk
TCL Google TV 65C755,https://cdn.tgdd.vn/Products/Images/1942/320282/google-tivi-tcl-qd-mini-led-4k-65c755-thumb-550x340.jpg,65 inch,4K,26990000,24990000,https://www.dienmayxanh.com/tivi/google-tivi-tcl-qd-mini-led-4k-65c755
TCL Google TV 98C755,https://cdn.tgdd.vn/Products/Images/1942/320284/google-tivi-tcl-qd-mini-led-4k-98c755-thumb-550x340.jpg,98 inch,4K,99990000,79990000,https://www.dienmayxanh.com/tivi/google-tivi-tcl-qd-mini-led-4k-98c755
Samsung Smart TV QLED QA65QN800D,https://cdn.tgdd.vn/Products/Images/1942/322639/tivi-neo-qled-samsung-8k-65-inch-qa65qn800d-280324-100544-550x340.jpg,65 inch,8K,89900000,79790000,https://www.dienmayxanh.com/tivi/tivi-neo-qled-samsung-8k-65-inch-qa65qn800d
Samsung Smart TV QLED QA75QN85D,https://cdn.tgdd.vn/Products/Images/1942/322649/tivi-neo-qled-samsung-4k-75-inch-qa75qn85d-280324-111741-550x340.jpg,75 inch,4K,66900000,60900000,https://www.dienmayxanh.com/tivi/tivi-neo-qled-samsung-4k-75-inch-qa75qn85d
Samsung Smart TV QLED QA75Q80D,https://cdn.tgdd.vn/Products/Images/1942/322659/tivi-qled-samsung-4k-75-inch-qa75qn80d-120324-012340-550x340.jpg,75 inch,4K,48900000,45890000,https://www.dienmayxanh.com/tivi/tivi-qled-samsung-4k-75-inch-qa75q80d
Samsung Smart TV QLED QA75Q70D,https://cdnv2.tgdd.vn/mwg-static/dmx/Products/Images/1942/322667/tivi-qled-samsung-4k-75-inch-qa75q70d-thumb-638649340248694258-550x340.jpg,75 inch,4K,39900000,37900000,https://www.dienmayxanh.com/tivi/tivi-qled-samsung-4k-75-inch-qa75q70d
Samsung Smart TV QLED Khung tranh QA75LS03D,https://cdnv2.tgdd.vn/mwg-static/dmx/Products/Images/1942/322678/tivi-qled-khung-tranh-samsung-4k-75inch-qa75ls03d-thumb-638649347452334136-550x340.jpg,75 inch,4K,51900000,44590000,https://www.dienmayxanh.com/tivi/tivi-qled-khung-tranh-samsung-4k-75inch-qa75ls03d
LG Smart TV 86QNED80TSA,https://cdn.tgdd.vn/Products/Images/1942/324924/tivi-qned-lg-4k-86-inch-86qned80tsa-240424-091846-550x340.jpg,86 inch,4K,63900000,49890000,https://www.dienmayxanh.com/tivi/tivi-qned-lg-4k-86-inch-86qned80tsa
Sony Google TV QLED Mini LED BRAVIA 9 K-75XR90,https://cdn.tgdd.vn/Products/Images/1942/325320/google-tivi-mini-led-sony-4k-75-inch-k-75xr90-thumb-550x340.jpg,75 inch,4K,98290000,92890000,https://www.dienmayxanh.com/tivi/google-tivi-mini-led-sony-4k-75-inch-k-75xr90
Sony Google TV QLED Mini LED BRAVIA 9 K-85XR90,https://cdn.tgdd.vn/Products/Images/1942/325321/google-tivi-mini-led-sony-4k-85-inch-k-85xr90-thumb-550x340.jpg,85 inch,4K,134790000,121990000,https://www.dienmayxanh.com/tivi/google-tivi-mini-led-sony-4k-85-inch-k-85xr90
AQUA Google TV QLED AQT43S800UX,https://cdn.tgdd.vn/Products/Images/1942/327169/TimerThumb/google-tv-aqua-qled-4k-43-inch-aqt43s800ux.jpg,43 inch,4K,10490000,7490000,https://www.dienmayxanh.com/tivi/google-tv-aqua-qled-4k-43-inch-aqt43s800ux?utm_flashsale=1
Samsung Smart TV QLED Khung tranh QA50LS03A,https://cdn.tgdd.vn/Products/Images/1942/235824/theframe-550x340.jpg,50 inch,4K,29900000,29900000,https://www.dienmayxanh.com/tivi/the-frame-qled-4k-samsung-qa50ls03a
LG Smart TV 65QNED91TPA,https://cdn.tgdd.vn/Products/Images/1942/244298/untitled-1-550x340.jpg,65 inch,4K,61900000,61900000,https://www.dienmayxanh.com/tivi/smart-qned-4k-65-inch-65qned91tpa
Samsung Smart TV QLED QA65QN90B,https://cdn.tgdd.vn/Products/Images/1942/273397/smart-neo-qled-4k-65-inch-samsung-qa65qn90b-010322-035525-550x340.jpg,65 inch,4K,44900000,30330000,https://www.dienmayxanh.com/tivi/smart-neo-qled-4k-65-inch-samsung-qa65qn90b
Samsung Smart TV QLED QA75QN85B,https://cdn.tgdd.vn/Products/Images/1942/273402/smart-neo-qled-4k-75-inch-samsung-qa75qn85b-010322-030214-550x340.jpg,75 inch,4K,69900000,44410000,https://www.dienmayxanh.com/tivi/smart-neo-qled-4k-75-inch-samsung-qa75qn85b
Samsung Smart TV QLED QA85Q60B,https://cdnv2.tgdd.vn/mwg-static/dmx/Products/Images/1942/273921/smart-qled-4k-85-inch-samsung-qa85q60b-thumb-638649323714802901-550x340.jpg,85 inch,4K,46900000,44900000,https://www.dienmayxanh.com/tivi/smart-qled-4k-85-inch-samsung-qa85q60b
Samsung Smart TV QLED QA55Q80B,https://cdnv2.tgdd.vn/mwg-static/dmx/Products/Images/1942/275491/smart-qled-4k-55-inch-samsung-qa55q80b-thumb-638649329610264201-550x340.jpg,55 inch,4K,23400000,16150000,https://www.dienmayxanh.com/tivi/smart-qled-4k-55-inch-samsung-qa55q80b
Samsung Smart TV QLED QA55QN90C,https://cdn.tgdd.vn/Products/Images/1942/303174/smart-tivi-neo-qled-4k-55-inch-samsung-qa55qn90c-020323-102520-550x340.jpg,55 inch,4K,41900000,30430000,https://www.dienmayxanh.com/tivi/smart-tivi-neo-qled-4k-55-inch-samsung-qa55qn90c
Samsung Smart TV QLED QA75QN85C,https://cdn.tgdd.vn/Products/Images/1942/303210/smart-tivi-neo-qled-4k-75-inch-samsung-qa75qn85c-020323-103207-550x340.jpg,75 inch,4K,76900000,49700000,https://www.dienmayxanh.com/tivi/smart-tivi-neo-qled-4k-75-inch-samsung-qa75qn85c
Samsung Smart TV QLED QA65QN85C,https://cdn.tgdd.vn/Products/Images/1942/303211/smart-tivi-neo-qled-4k-65-inch-samsung-qa65qn85c-020323-103558-550x340.jpg,65 inch,4K,49900000,30170000,https://www.dienmayxanh.com/tivi/smart-tivi-neo-qled-4k-65-inch-samsung-qa65qn85c
Samsung Smart TV QLED QA55QN85C,https://cdn.tgdd.vn/Products/Images/1942/303212/smart-tivi-neo-qled-4k-55-inch-samsung-qa55qn85c-020323-103815-550x340.jpg,55 inch,4K,35900000,24760000,https://www.dienmayxanh.com/tivi/smart-tivi-neo-qled-4k-55-inch-samsung-qa55qn85c
Samsung Smart TV QLED QA85Q80C,https://cdn.tgdd.vn/Products/Images/1942/303213/smart-tivi-qled-4k-85-inch-samsung-qa85q80c-020323-104221-550x340.jpg,85 inch,4K,72900000,72900000,https://www.dienmayxanh.com/tivi/smart-tivi-qled-4k-85-inch-samsung-qa85q80c
Samsung Smart TV QLED QA65Q80C,https://cdn.tgdd.vn/Products/Images/1942/303215/smart-tivi-qled-4k-65-inch-samsung-qa65q80c-020323-104639-550x340.jpg,65 inch,4K,31900000,20900000,https://www.dienmayxanh.com/tivi/smart-tivi-qled-4k-65-inch-samsung-qa65q80c
Samsung Smart TV QLED QA75Q60C,https://cdn.tgdd.vn/Products/Images/1942/303223/smart-tivi-qled-4k-75-inch-samsung-qa75q60c-020323-104615-550x340.jpg,75 inch,4K,28900000,28600000,https://www.dienmayxanh.com/tivi/smart-tivi-qled-4k-75-inch-samsung-qa75q60c
Samsung Smart TV OLED QA65S95CA,https://cdn.tgdd.vn/Products/Images/1942/304254/smart-tivi-oled-samsung-4k-65-inch-qa65s95ca-200323-025637-550x340.jpg,65 inch,4K,69900000,48210000,https://www.dienmayxanh.com/tivi/smart-tivi-oled-samsung-4k-65-inch-qa65s95ca
Samsung Smart TV QLED QA98Q80C,https://cdn.tgdd.vn/Products/Images/1942/305837/smart-tivi-qled-4k-98-inch-samsung-qa98q80c-120423-102320-550x340.jpg,98 inch,4K,139900000,119900000,https://www.dienmayxanh.com/tivi/smart-tivi-qled-4k-98-inch-samsung-qa98q80c
LG Smart TV OLED 55C3PSA,https://cdn.tgdd.vn/Products/Images/1942/306576/smart-tivi-oled-lg-4k-55-inch-55c3psa-080523-102804-550x340.jpg,55 inch,4K,44900000,32900000,https://www.dienmayxanh.com/tivi/smart-tivi-oled-lg-4k-55-inch-55c3psa
LG Smart TV OLED 65C3PSA,https://cdn.tgdd.vn/Products/Images/1942/306577/smart-tivi-oled-lg-4k-65-inch-65c3psa-080523-103318-550x340.jpg,65 inch,4K,63900000,49900000,https://www.dienmayxanh.com/tivi/smart-tivi-oled-lg-4k-65-inch-65c3psa
LG Smart TV OLED 55G3PSA,https://cdn.tgdd.vn/Products/Images/1942/306580/smart-tivi-oled-evo-lg-4k-55-inch-55g3psa-150823-113255-550x340.jpg,55 inch,4K,54900000,49900000,https://www.dienmayxanh.com/tivi/smart-tivi-oled-evo-lg-4k-55-inch-55g3psa
LG Smart TV 75QNED80SRA,https://cdn.tgdd.vn/Products/Images/1942/306587/smart-tivi-qned-lg-4k-75-inch-75qned80sra-080523-110133-550x340.jpg,75 inch,4K,44900000,37900000,https://www.dienmayxanh.com/tivi/smart-tivi-qned-lg-4k-75-inch-75qned80sra
LG Smart TV 75QNED86SRA,https://cdn.tgdd.vn/Products/Images/1942/306590/smart-tivi-qned-lg-4k-75-inch-75qned86sra-080523-110832-550x340.jpg,75 inch,4K,79900000,79900000,https://www.dienmayxanh.com/tivi/smart-tivi-qned-lg-4k-75-inch-75qned86sra
Sony Google TV XR-85X90L,https://cdn.tgdd.vn/Products/Images/1942/307266/google-tivi-sony-4k-85-inch-xr-85x90l-150523-045858-550x340.jpg,85 inch,4K,57890000,57890000,https://www.dienmayxanh.com/tivi/google-tivi-sony-4k-85-inch-xr-85x90l
Xiaomi Google TV A Pro L65M8-A2SEA,https://cdn.tgdd.vn/Products/Images/1942/312859/google-tivi-xiaomi-4k-65-inch-pro-l65m8-a2sea-5-550x340.jpg,65 inch,4K,14990000,13490000,https://www.dienmayxanh.com/tivi/google-tivi-xiaomi-4k-65-inch-pro-l65m8-a2sea
TCL Google TV 75C755,https://cdn.tgdd.vn/Products/Images/1942/320283/tivi-tcl-qd-mini-led-4k-75c755-thumb-550x340.jpg,75 inch,4K,49990000,39990000,https://www.dienmayxanh.com/tivi/tivi-tcl-qd-mini-led-4k-75c755
Samsung Smart TV QLED QA85QN900D,https://cdnv2.tgdd.vn/mwg-static/dmx/Products/Images/1942/322638/tivi-neo-qled-samsung-8k-85-inch-qa85qn900d-thumb-638649335016982866-550x340.jpg,85 inch,8K,219900000,205790000,https://www.dienmayxanh.com/tivi/tivi-neo-qled-samsung-8k-85-inch-qa85qn900d
Samsung Smart TV QLED QA85QN90D,https://cdn.tgdd.vn/Products/Images/1942/322641/tivi-neo-qled-samsung-4k-85-inch-qa85qn90d-280324-103552-550x340.jpg,85 inch,4K,119900000,104990000,https://www.dienmayxanh.com/tivi/tivi-neo-qled-samsung-4k-85-inch-qa85qn90d
Samsung Smart TV QLED QA65QN90D,https://cdn.tgdd.vn/Products/Images/1942/322644/tivi-neo-qled-samsung-4k-65-inch-qa65qn90d-280324-104157-550x340.jpg,65 inch,4K,54900000,44780000,https://www.dienmayxanh.com/tivi/tivi-neo-qled-samsung-4k-65-inch-qa65qn90d
Samsung Smart TV QLED QA85QN85D,https://cdn.tgdd.vn/Products/Images/1942/322647/tivi-neo-qled-samsung-4k-85-inch-qa85qn85d-280324-111008-550x340.jpg,85 inch,4K,99900000,93160000,https://www.dienmayxanh.com/tivi/tivi-neo-qled-samsung-4k-85-inch-qa85qn85d
Samsung Smart TV QLED Khung tranh QA50LS03D,https://cdnv2.tgdd.vn/mwg-static/dmx/Products/Images/1942/322681/tivi-qled-khung-tranh-samsung-4k-50-inch-qa50ls03d-thumb-638649352971488870-550x340.jpg,50 inch,4K,22900000,22900000,https://www.dienmayxanh.com/tivi/tivi-qled-khung-tranh-samsung-4k-50-inch-qa50ls03d
Samsung Smart TV UA85DU8000,https://cdn.tgdd.vn/Products/Images/1942/322682/smart-tivi-samsung-4k-85-inch-ua85du8000-120324-022630-550x340.jpg,85 inch,4K,49900000,49860000,https://www.dienmayxanh.com/tivi/smart-tivi-samsung-4k-85-inch-ua85du8000
LG Smart TV OLED 83C4PSA,https://cdn.tgdd.vn/Products/Images/1942/324904/tivi-oled-4k-lg-83c4psa-thumb-550x340.jpg,83 inch,4K,149000000,147490000,https://www.dienmayxanh.com/tivi/tivi-oled-4k-lg-83c4psa
LG Smart TV 86QNED86TSA,https://cdn.tgdd.vn/Products/Images/1942/324918/tivi-qned-lg-4k-86-inch-86qned86tsa-thumb-1-550x340.jpg,86 inch,4K,71900000,56890000,https://www.dienmayxanh.com/tivi/tivi-qned-lg-4k-86-inch-86qned86tsa
LG Smart TV NanoCell 86NANO81TSA,https://cdn.tgdd.vn/Products/Images/1942/324931/tivi-nanocell-lg-4k-86-inch-86nano81sqa-thumb-550x340.jpg,86 inch,4K,59900000,40490000,https://www.dienmayxanh.com/tivi/tivi-nanocell-lg-4k-86-inch-86nano81tsa
Sony Google TV OLED BRAVIA 8 K-55XR80,https://cdn.tgdd.vn/Products/Images/1942/325316/google-tivi-oled-sony-4k-55-inch-k-55xr80-thumb-1-550x340.jpg,55 inch,4K,52690000,44890000,https://www.dienmayxanh.com/tivi/google-tivi-oled-sony-4k-55-inch-k-55xr80
Sony Google TV QLED Mini LED BRAVIA 7 K-75XR70,https://cdn.tgdd.vn/Products/Images/1942/325319/google-tivi-mini-led-sony-4k-75-inch-k-75xr70-thumb-550x340.jpg,75 inch,4K,74990000,64890000,https://www.dienmayxanh.com/tivi/google-tivi-mini-led-sony-4k-75-inch-k-75xr70
AQUA Android TV AQT43K800UG,https://cdn.tgdd.vn/Products/Images/1942/327163/TimerThumb/android-tivi-aqua-43-inch-aqt43k800ug.jpg,43 inch,4K,6990000,6490000,https://www.dienmayxanh.com/tivi/android-tivi-aqua-43-inch-aqt43k800ug
LG Smart TV NanoCell 65NANO81TSA,https://cdn.tgdd.vn/Products/Images/1942/328076/tivi-nanocell-lg-4k-65-inch-65nano81tsa-thumb-550x340.jpg,65 inch,4K,23900000,15990000,https://www.dienmayxanh.com/tivi/tivi-nanocell-lg-4k-65-inch-65nano81tsa
LG Smart TV 98QNED89TSA,https://cdn.tgdd.vn/Products/Images/1942/328081/smart-tivi-qned-lg-4k-98-inch-98qned89tsa-thumb-550x340.jpg,98 inch,4K,139900000,109900000,https://www.dienmayxanh.com/tivi/smart-tivi-qned-lg-4k-98-inch-98qned89tsa
Xiaomi Google TV QLED Mini LED Smart Display S ELA5664GL,https://cdnv2.tgdd.vn/mwg-static/dmx/Products/Images/1942/330575/man-hinh-thong-minh-mini-led-xiaomi-4k-55-inch-s-ela5664gl-2025-thumb-638633146323950347-550x340.jpg,55 inch,4K,15990000,15990000,https://www.dienmayxanh.com/tivi/man-hinh-thong-minh-xiaomi-4k-55-inch-s-ela5664gl-2025
Samsung Smart TV Micro LED The Wall MNA110MS1A,https://cdnv2.tgdd.vn/mwg-static/dmx/Products/Images/1942/236803/samsung-micro-led-4k-mna110ms1a-thumb-638647844786324959-550x340.jpg,110 inch,4K,3499000000,3499000000,https://www.dienmayxanh.com/tivi/samsung-micro-led-4k-mna110ms1a
Samsung Smart TV Micro LED The Wall MNA99MS1A,https://cdnv2.tgdd.vn/mwg-static/dmx/Products/Images/1942/236806/samsung-micro-led-4k-mna99ms1a-thumb-638647845883400614-550x340.jpg,99 inch,4K,2999000000,2999000000,https://www.dienmayxanh.com/tivi/samsung-micro-led-4k-mna99ms1a
LG Smart TV 86QNED91TSA,https://cdn.tgdd.vn/Products/Images/1942/324916/tivi-qned-lg-4k-86-inch-86qned91tsa-thumb-550x340.jpg,86 inch,4K,109000000,106190000,https://www.dienmayxanh.com/tivi/tivi-qned-lg-4k-86-inch-86qned91tsa
LG Smart TV 75QNED91TSA,https://cdn.tgdd.vn/Products/Images/1942/324917/tivi-qned-lg-4k-75-inch-75qned91tsa-thumb-550x340.jpg,75 inch,4K,79900000,77090000,https://www.dienmayxanh.com/tivi/tivi-qned-lg-4k-75-inch-75qned91tsa
LG Smart TV 43QNED80TSA,https://cdn.tgdd.vn/Products/Images/1942/324933/tivi-qned-lg-4k-43-inch-43qned80tsa-240424-094702-550x340.jpg,43 inch,4K,15900000,11590000,https://www.dienmayxanh.com/tivi/tivi-qned-lg-4k-43-inch-43qned80tsa
TCL Google TV 85C755,https://cdn.tgdd.vn/Products/Images/1942/326478/google-tivi-tcl-qd-mini-led-4k-85c755-thumb-1-550x340.jpg,85 inch,4K,49990000,49990000,https://www.dienmayxanh.com/tivi/google-tivi-tcl-qd-mini-led-4k-85c755
TCL Google TV 85C855,https://cdn.tgdd.vn/Products/Images/1942/326480/google-tv-qd-mini-led-tcl-4k-85-inch-85c855-thumb-1-550x340.jpg,85 inch,4K,76990000,76990000,https://www.dienmayxanh.com/tivi/google-tv-qd-mini-led-tcl-4k-85-inch-85c855
TCL Google TV 98C855,https://cdn.tgdd.vn/Products/Images/1942/326481/google-tv-qd-mini-led-tcl-4k-98-inch-98c855-thumb-1-550x340.jpg,98 inch,4K,109900000,109900000,https://www.dienmayxanh.com/tivi/google-tv-qd-mini-led-tcl-4k-98-inch-98c855
TCL Google TV 115X955,https://cdn.tgdd.vn/Products/Images/1942/326482/google-tv-qd-mini-led-tcl-4k-115-inch-115x955-thumb-550x340.jpg,115 inch,4K,699900000,699900000,https://www.dienmayxanh.com/tivi/google-tv-qd-mini-led-tcl-4k-115-inch-115x955
AQUA Google TV QLED AQT43S80EUX,https://cdn.tgdd.vn/Products/Images/1942/327165/TimerThumb/google-tv-aqua-qled-4k-43-inch-aqt43s80eux.jpg,43 inch,4K,9490000,8490000,https://www.dienmayxanh.com/tivi/google-tv-aqua-qled-4k-43-inch-aqt43s80eux
AQUA Google TV QLED AQT50S80EUX,https://cdn.tgdd.vn/Products/Images/1942/327166/TimerThumb/google-tv-aqua-qled-4k-50-inch-aqt50s80eux.jpg,50 inch,4K,11490000,9990000,https://www.dienmayxanh.com/tivi/google-tv-aqua-qled-4k-50-inch-aqt50s80eux
AQUA Google TV QLED AQT50S800UX,https://cdn.tgdd.vn/Products/Images/1942/327170/TimerThumb/google-tv-aqua-qled-4k-50-inch-aqt50s800ux.jpg,50 inch,4K,12490000,10490000,https://www.dienmayxanh.com/tivi/google-tv-aqua-qled-4k-50-inch-aqt50s800ux
AQUA Google TV QLED AQT75S800UX,https://cdn.tgdd.vn/Products/Images/1942/327173/google-tv-aqua-qled-4k-75-inch-aqt75s800ux-thumb-550x340.jpg,75 inch,4K,25490000,20990000,https://www.dienmayxanh.com/tivi/google-tv-aqua-qled-4k-75-inch-aqt75s800ux
AQUA Google TV QLED AQT85S800UX,https://cdn.tgdd.vn/Products/Images/1942/327174/TimerThumb/google-tv-aqua-qled-4k-85-inch-aqt85s800ux.jpg,85 inch,4K,40490000,29990000,https://www.dienmayxanh.com/tivi/google-tv-aqua-qled-4k-85-inch-aqt85s800ux
Xiaomi Google TV QLED Mini LED Smart Display S ELA5672GL,https://cdnv2.tgdd.vn/mwg-static/dmx/Products/Images/1942/330576/man-hinh-thong-minh-mini-led-xiaomi-4k-65-inch-s-ela5672gl-2025-thumb-638633152435283351-550x340.jpg,65 inch,4K,19990000,19990000,https://www.dienmayxanh.com/tivi/man-hinh-thong-minh-xiaomi-4k-65-inch-s-ela5672gl-2025
Xiaomi Google TV QLED Mini LED Smart Display S ELA5680GL,https://cdnv2.tgdd.vn/mwg-static/dmx/Products/Images/1942/330577/man-hinh-thong-minh-mini-led-xiaomi-4k-75-inch-s-ela5680gl-2025-thumb-638633160913431677-550x340.jpg,75 inch,4K,26990000,26990000,https://www.dienmayxanh.com/tivi/man-hinh-thong-minh-xiaomi-4k-75-inch-s-ela5680gl-2025
TCL Google TV QLED 50C69B,https://cdnv2.tgdd.vn/mwg-static/dmx/Products/Images/1942/331430/tivi-qled-tcl-4k-50-inch-50c69b-thumb-638659854725506229-550x340.jpg,50 inch,4K,10990000,10990000,https://www.dienmayxanh.com/tivi/tivi-qled-tcl-4k-50-inch-50c69b
