title,img_src,product_detail_link,original_price,discount_price,screen_size,resolution
SamsungSmart Tivi UA55AU7002,https://cdn11.dienmaycholon.vn/filewebdmclnew/DMCL21/Picture//Apro/Apro_product_30655/smart-tivi-sams_main_677_450.png.webp,https://dienmaycholon.com/tivi/smart-tivi-samsung-4k-uhd-55-inch-ua55au7002,10999000,6999000,55 inch,4K
LGSmart Tivi 43UQ7050PSA,https://cdn11.dienmaycholon.vn/filewebdmclnew/DMCL21/Picture//Apro/Apro_product_33963/smart-tivi-lg-4_main_649_450.png.webp,https://dienmaycholon.com/tivi/smart-tivi-lg-4k-43-inch-43uq7050psa,10900000,7990000,43 inch,4K
ToshibaGoogle Tivi 4K 50 inch 50C350LP,https://cdn11.dienmaycholon.vn/filewebdmclnew/DMCL21/Picture//Apro/Apro_product_35415/google-tivi-tos_main_423_450.png.webp,https://dienmaycholon.com/tivi/google-tivi-toshiba-4k-50-inch-50c350lp,12890000,8390000,50 inch,4K
LGSmart Tivi OLED48B4PSA,https://cdn11.dienmaycholon.vn/filewebdmclnew/DMCL21/Picture//Apro/Apro_product_34721/smart-tivi-lg-o_main_696_450.png.webp,https://dienmaycholon.com/tivi/smart-tivi-lg-oled-4k-48-inch-oled48b4psa,31900000,17990000,48 inch,4K
CoocaaSmart TV 32S3U+,https://cdn11.dienmaycholon.vn/filewebdmclnew/DMCL21/Picture//Apro/Apro_product_34611/smart-tv-hd-coo_main_165_450.png.webp,https://dienmaycholon.com/tivi/smart-tv-hd-coocaa-32-inch-32s3u,5990000,2399000,32 inch,HD
ToshibaGoogle Tivi 50M550LP,"data:image/png;base64,R0lGODlhAQABAJEAAAAAAP///////wAAACH5BAEAAAIALAAAAAABAAEAAAICTAEAOw==",https://dienmaycholon.com/tivi/google-tivi-qled-toshiba-4k-50-inch-50m550lp,12990000,7390000,50 inch,4K
LGSmart Tivi 65UT7350PSB,"data:image/png;base64,R0lGODlhAQABAJEAAAAAAP///////wAAACH5BAEAAAIALAAAAAABAAEAAAICTAEAOw==",https://dienmaycholon.com/tivi/smart-tivi-lg-4k-65-inch-65ut7350psb,16900000,7390000,65 inch,4K
CoocaaSmart TV 43S3U+,"data:image/png;base64,R0lGODlhAQABAJEAAAAAAP///////wAAACH5BAEAAAIALAAAAAABAAEAAAICTAEAOw==",https://dienmaycholon.com/tivi/smart-tv-full-hd-coocaa-43-inch-43s3u,7990000,3790000,43 inch,Full HD
LGSmart Tivi NanoCell 55NANO76SQA,"data:image/png;base64,R0lGODlhAQABAJEAAAAAAP///////wAAACH5BAEAAAIALAAAAAABAAEAAAICTAEAOw==",https://dienmaycholon.com/tivi/smart-nanocell-tivi-lg-4k-55-inch-55nano76sqa,22900000,3790000,55 inch,4K
ToshibaSmart Tivi 75C350NP,"data:image/png;base64,R0lGODlhAQABAJEAAAAAAP///////wAAACH5BAEAAAIALAAAAAABAAEAAAICTAEAOw==",https://dienmaycholon.com/tivi/smart-tivi-toshiba-4k-75-inch-75c350np,22990000,3790000,75 inch,4K
SamsungSmart Tivi UA75DU7700,https://cdn11.dienmaycholon.vn/filewebdmclnew/DMCL21/Picture//Apro/Apro_product_34281/smart-tivi-sams_main_217_450.png.webp,https://dienmaycholon.com/tivi/smart-tivi-samsung-4k-75-inch-ua75du7700,27400000,3790000,75 inch,4K
LGSmart Tivi 50UQ7050PSA,https://cdn11.dienmaycholon.vn/filewebdmclnew/DMCL21/Picture//Apro/Apro_product_34892/smart-tivi-lg-4_main_666_450.png.webp,https://dienmaycholon.com/tivi/smart-tivi-lg-4k-50-inch-50uq7050psa,11900000,7990000,50 inch,4K
ToshibaSmart Tivi 43E31MP,https://cdn11.dienmaycholon.vn/filewebdmclnew/DMCL21/Picture//Apro/Apro_product_35079/smart-tivi-tosh_main_838_450.png.webp,https://dienmaycholon.com/tivi/smart-tivi-toshiba-full-hd-43-inch-43e31mp,6490000,7990000,43 inch,Full HD
CasperSmart Tivi 32 Inch 32HG5200,https://cdn11.dienmaycholon.vn/filewebdmclnew/DMCL21/Picture//Apro/Apro_product_24812/smart-tivi-casp_main_462_450.png.webp,https://dienmaycholon.com/tivi/smart-tivi-casper-32-inch-32hg5200,5990000,3490000,32 inch,HD
CasperAndroid Tivi QLED 4K 55 Inch 55QG8000,https://cdn11.dienmaycholon.vn/filewebdmclnew/DMCL21/Picture//Apro/Apro_product_29844/android-tivi-ql_main_180_450.png.webp,https://dienmaycholon.com/tivi/android-tivi-qled-4k-casper-55-inch-55qg8000,15990000,5999000,55 inch,4K
ToshibaSmart Tivi 55X9900LP,https://cdn11.dienmaycholon.vn/filewebdmclnew/DMCL21/Picture//Apro/Apro_product_35552/smart-tivi-oled_main_53_450.png.webp,https://dienmaycholon.com/tivi/smart-tivi-oled-toshiba-4k-55-inch-55x9900lp,35990000,14990000,55 inch,4K
ToshibaSmart Tivi 65X9900LP,https://cdn11.dienmaycholon.vn/filewebdmclnew/DMCL21/Picture//Apro/Apro_product_35553/smart-tivi-oled_main_275_450.png.webp,https://dienmaycholon.com/tivi/smart-tivi-oled-toshiba-4k-65-inch-65x9900lp,45990000,33990000,65 inch,4K
LGSmart Tivi NanoCell 65NANO76SQA,https://cdn11.dienmaycholon.vn/filewebdmclnew/DMCL21/Picture//Apro/Apro_product_30460/smart-nanocell-_main_713_450.png.webp,https://dienmaycholon.com/tivi/smart-nanocell-tivi-lg-4k-65-inch-65nano76sqa,29900000,33990000,65 inch,4K
SonyGoogle Tivi XR-65X90L,https://cdn11.dienmaycholon.vn/filewebdmclnew/DMCL21/Picture//Apro/Apro_product_32849/google-tivi-son_main_967_450.png.webp,https://dienmaycholon.com/tivi/google-tivi-sony-4k-65-inch-xr65x90l,37000000,33990000,65 inch,4K
TCLGoogle Tivi 98C655,https://cdn11.dienmaycholon.vn/filewebdmclnew/DMCL21/Picture//Apro/Apro_product_34362/google-tivi-tcl_main_6_450.png.webp,https://dienmaycholon.com/tivi/google-tivi-tcl-qled-4k-98-inch-98c655,69900000,33990000,98 inch,4K
SamsungSmart Tivi UA98DU9000,https://cdn11.dienmaycholon.vn/filewebdmclnew/DMCL21/Picture//Apro/Apro_product_34273/smart-tivi-4k-9_main_247_450.png.webp,https://dienmaycholon.com/tivi/smart-tivi-4k-98-inch-samsung-ua98du9000,98900000,33990000,98 inch,4K
SamsungSmart Tivi QA55Q60D,https://cdn11.dienmaycholon.vn/filewebdmclnew/DMCL21/Picture//Apro/Apro_product_34270/smart-tivi-qled_main_229_450.png.webp,https://dienmaycholon.com/tivi/smart-tivi-qled-samsung-4k-55-inch-qa55q60d,17900000,1000,55 inch,4K
TCLGoogle Tivi 55P638,https://cdn11.dienmaycholon.vn/filewebdmclnew/DMCL21/Picture//Apro/Apro_product_31050/google-tivi-tcl_main_706_450.png.webp,https://dienmaycholon.com/tivi/google-tivi-tcl-4k-55-inch-55p638,10490000,7990000,55 inch,4K
TCLGoogle Tivi 43C655,https://cdn11.dienmaycholon.vn/filewebdmclnew/DMCL21/Picture//Apro/Apro_product_34369/google-tivi-tcl_main_558_450.png.webp,https://dienmaycholon.com/tivi/google-tivi-tcl-qled-4k-43-inch-43c655,9990000,7990000,43 inch,4K
SamsungSmart Tivi UA43AU7002,https://cdn11.dienmaycholon.vn/filewebdmclnew/DMCL21/Picture//Apro/Apro_product_30657/smart-tivi-sams_main_533_450.png.webp,https://dienmaycholon.com/tivi/smart-tivi-samsung-4k-uhd-43-inch-ua43au7002,8400000,7190000,43 inch,4K
TCLSmart Tivi 43S5400A,https://cdn11.dienmaycholon.vn/filewebdmclnew/DMCL21/Picture//Apro/Apro_product_35355/smart-tivi-tcl-_main_465_450.png.webp,https://dienmaycholon.com/tivi/smart-tivi-tcl-full-hd-43-inch-43s5400a,6590000,5590000,43 inch,Full HD
TCLGoogle Tivi 55P755 Pro,https://cdn11.dienmaycholon.vn/filewebdmclnew/DMCL21/Picture//Apro/Apro_product_34209/google-tivi-tcl_main_563_450.png.webp,https://dienmaycholon.com/tivi/google-tivi-tcl-4k-55-inch-55p755-pro,12490000,9990000,55 inch,4K
TCLSmart Tivi 40S5400A,https://cdn11.dienmaycholon.vn/filewebdmclnew/DMCL21/Picture//Apro/Apro_product_32858/smart-tivi-tcl-_main_923_450.png.webp,https://dienmaycholon.com/tivi/smart-tivi-tcl-full-hd-40-inch-40s5400a,5090000,5090000,40 inch,Full HD
SonyBRAVIA 3 K-43S30,https://cdn11.dienmaycholon.vn/filewebdmclnew/DMCL21/Picture//Apro/Apro_product_34473/google-tivi-son_main_583_450.png.webp,https://dienmaycholon.com/tivi/sony-bravia-3-led-4k-43-inch-k43s30,15690000,5090000,43 inch,4K
TCLSmart Tivi 32S5400A,https://cdn11.dienmaycholon.vn/filewebdmclnew/DMCL21/Picture//Apro/Apro_product_32857/smart-tivi-tcl-_main_15_450.png.webp,https://dienmaycholon.com/tivi/smart-tivi-tcl-hd-32-inch-32s5400a,4590000,4090000,32 inch,HD
SamsungSmart Tivi QA65Q60D,https://cdn11.dienmaycholon.vn/filewebdmclnew/DMCL21/Picture//Apro/Apro_product_34269/smart-tivi-qled_main_849_450.png.webp,https://dienmaycholon.com/tivi/smart-tivi-qled-samsung-4k-65-inch-qa65q60d,21900000,15990000,65 inch,4K
SamsungSmart Tivi UA55DU8000,https://cdn11.dienmaycholon.vn/filewebdmclnew/DMCL21/Picture//Apro/Apro_product_34277/smart-tivi-sams_main_196_450.png.webp,https://dienmaycholon.com/tivi/smart-tivi-samsung-4k-55-inch-ua55du8000,15290000,15290000,55 inch,4K
SonyBRAVIA 3 K-55S30,https://cdn11.dienmaycholon.vn/filewebdmclnew/DMCL21/Picture//Apro/Apro_product_34471/sony-bravia-3-l_main_568_450.png.webp,https://dienmaycholon.com/tivi/sony-bravia-3-led-4k-55-inch-k55s30,19990000,15290000,55 inch,4K
TCLGoogle Tivi 55C655,https://cdn11.dienmaycholon.vn/filewebdmclnew/DMCL21/Picture//Apro/Apro_product_34367/google-tivi-tcl_main_300_450.png.webp,https://dienmaycholon.com/tivi/google-tivi-tcl-qled-4k-55-inch-55c655,13990000,10990000,55 inch,4K
TCLGoogle Tivi 65P755 Pro,https://cdn11.dienmaycholon.vn/filewebdmclnew/DMCL21/Picture//Apro/Apro_product_34210/google-tivi-tcl_main_452_450.png.webp,https://dienmaycholon.com/tivi/google-tivi-tcl-4k-65-inch-65p755-pro,15490000,11490000,65 inch,4K
SamsungSmart Tivi UA65DU8000,https://cdn11.dienmaycholon.vn/filewebdmclnew/DMCL21/Picture//Apro/Apro_product_34276/smart-tivi-sams_main_433_450.png.webp,https://dienmaycholon.com/tivi/smart-tivi-samsung-4k-65-inch-ua65du8000,18400000,18400000,65 inch,4K
SonyGoogle Tivi 4K 55 Inch KD-55X75K,https://cdn11.dienmaycholon.vn/filewebdmclnew/DMCL21/Picture//Apro/Apro_product_30193/google-tivi-son_main_453_450.png.webp,https://dienmaycholon.com/tivi/google-tivi-sony-4k-55-inch-kd55x75k,16500000,16500000,55 inch,4K
LGSmart Tivi 55UT8050PSB,https://cdn11.dienmaycholon.vn/filewebdmclnew/DMCL21/Picture//Apro/Apro_product_34490/smart-tivi-lg-4_main_20_450.png.webp,https://dienmaycholon.com/tivi/smart-tivi-lg-4k-55-inch-55ut8050psb,16900000,11890000,55 inch,4K
SonyBRAVIA 3 K-50S30,https://cdn11.dienmaycholon.vn/filewebdmclnew/DMCL21/Picture//Apro/Apro_product_34472/google-tivi-son_main_504_450.png.webp,https://dienmaycholon.com/tivi/sony-bravia-3-led-4k-50-inch-k50s30,17900000,11890000,50 inch,4K
TCLGoogle Tivi 65C655,https://cdn11.dienmaycholon.vn/filewebdmclnew/DMCL21/Picture//Apro/Apro_product_34366/google-tivi-tcl_main_672_450.png.webp,https://dienmaycholon.com/tivi/google-tivi-tcl-qled-4k-65-inch-65c655,17990000,13590000,65 inch,4K
LGSmart Tivi NanoCell 43NANO81TSA,https://cdn11.dienmaycholon.vn/filewebdmclnew/DMCL21/Picture//Apro/Apro_product_34482/smart-tivi-nano_main_14_450.png.webp,https://dienmaycholon.com/tivi/smart-tivi-nanocell-lg-4k-43-inch-43nano81tsa,13900000,10890000,43 inch,4K
LGSmart Tivi 65UT8050PSB,https://cdn11.dienmaycholon.vn/filewebdmclnew/DMCL21/Picture//Apro/Apro_product_34491/smart-tivi-lg-4_main_747_450.png.webp,https://dienmaycholon.com/tivi/smart-tivi-lg-4k-65-inch-65ut8050psb,19900000,12690000,65 inch,4K
SamsungSmart Tivi QA55Q70D,https://cdn11.dienmaycholon.vn/filewebdmclnew/DMCL21/Picture//Apro/Apro_product_34266/smart-tivi-qled_main_590_450.png.webp,https://dienmaycholon.com/tivi/smart-tivi-qled-samsung-4k-55-inch-qa55q70d,20490000,20490000,55 inch,4K
SamsungSmart Tivi UA65AU7002,https://cdn11.dienmaycholon.vn/filewebdmclnew/DMCL21/Picture//Apro/Apro_product_30654/smart-tivi-sams_main_928_450.png.webp,https://dienmaycholon.com/tivi/smart-tivi-samsung-4k-uhd-65-inch-ua65au7002,13900000,12490000,65 inch,4K
SonyBRAVIA 3 K-65S30,https://cdn11.dienmaycholon.vn/filewebdmclnew/DMCL21/Picture//Apro/Apro_product_34470/google-tivi-son_main_171_450.png.webp,https://dienmaycholon.com/tivi/sony-bravia-3-led-4k-65-inch-k65s30,24120000,12490000,65 inch,4K
LGSmart Tivi 43QNED80TSA,https://cdn11.dienmaycholon.vn/filewebdmclnew/DMCL21/Picture//Apro/Apro_product_34475/smart-tivi-qned_main_333_450.png.webp,https://dienmaycholon.com/tivi/smart-tivi-qned-lg-4k-43-inch-43qned80tsa,15900000,11590000,43 inch,4K
LGSmart Tivi 43UT8050PSB,https://cdn11.dienmaycholon.vn/filewebdmclnew/DMCL21/Picture//Apro/Apro_product_34488/smart-tivi-lg-4_main_777_450.png.webp,https://dienmaycholon.com/tivi/smart-tivi-lg-4k-43-inch-43ut8050psb,11900000,9390000,43 inch,4K
SharpAndroid Tivi 42 inch 2T-C42EG2X,https://cdn11.dienmaycholon.vn/filewebdmclnew/DMCL21/Picture//Apro/Apro_product_31888/android-tivi-sh_main_282_450.png.webp,https://dienmaycholon.com/tivi/android-tivi-sharp-42-inch-2tc42eg2x,6990000,5990000,42 inch,Full HD
SonyGoogle Tivi XR-55X90L,https://cdn11.dienmaycholon.vn/filewebdmclnew/DMCL21/Picture//Apro/Apro_product_32712/google-tivi-son_main_232_450.png.webp,https://dienmaycholon.com/tivi/google-tivi-sony-4k-55-inch-xr55x90l,31700000,5990000,55 inch,4K
PanasonicGoogle Tivi TH-43MX650V,https://cdn11.dienmaycholon.vn/filewebdmclnew/DMCL21/Picture//Apro/Apro_product_34092/google-tivi-pan_main_11_450.png.webp,https://dienmaycholon.com/tivi/google-tivi-panasonic-4k-43-inch-th43mx650v,13000000,9990000,43 inch,4K
HisenseSmart Tivi 40A4N,https://cdn11.dienmaycholon.vn/filewebdmclnew/DMCL21/Picture//Apro/Apro_product_34703/smart-tivi-hise_main_25_450.png.webp,https://dienmaycholon.com/tivi/smart-tivi-hisense-full-hd-40-inch-40a4n,6190000,9990000,40 inch,Full HD
LGSmart Tivi 55QNED80TSA,https://cdn11.dienmaycholon.vn/filewebdmclnew/DMCL21/Picture//Apro/Apro_product_34477/smart-tivi-qned_main_163_450.png.webp,https://dienmaycholon.com/tivi/smart-tivi-qned-lg-4k-55-inch-55qned80tsa,22900000,16590000,55 inch,4K
LGSmart Tivi NanoCell 65NANO81TSA,https://cdn11.dienmaycholon.vn/filewebdmclnew/DMCL21/Picture//Apro/Apro_product_34485/smart-tivi-nano_main_812_450.png.webp,https://dienmaycholon.com/tivi/smart-tivi-nanocell-lg-4k-65-inch-65nano81tsa,23900000,16390000,65 inch,4K
LGSmart Tivi 55UQ7050PSA,https://cdn11.dienmaycholon.vn/filewebdmclnew/DMCL21/Picture//Apro/Apro_product_34447/smart-tivi-lg-4_main_789_450.png.webp,https://dienmaycholon.com/tivi/smart-tivi-lg-4k-55-inch-55uq7050psa,14900000,9890000,55 inch,4K
SamsungTivi Led 32 Inch UA32T4202A,https://cdn11.dienmaycholon.vn/filewebdmclnew/DMCL21/Picture//Apro/Apro_product_31581/tivi-led-samsun_main_924_450.png.webp,https://dienmaycholon.com/tivi/tivi-led-samsung-32-inch-ua32t4202a,5390000,5390000,32 inch,HD
TCLGoogle Tivi 75P755 Pro,https://cdn11.dienmaycholon.vn/filewebdmclnew/DMCL21/Picture//Apro/Apro_product_34211/google-tivi-tcl_main_503_450.png.webp,https://dienmaycholon.com/tivi/google-tivi-tcl-4k-75-inch-75p755-pro,20990000,14990000,75 inch,4K
LGSmart Tivi NanoCell 55NANO81TSA,https://cdn11.dienmaycholon.vn/filewebdmclnew/DMCL21/Picture//Apro/Apro_product_34484/smart-tivi-nano_main_403_450.png.webp,https://dienmaycholon.com/tivi/smart-tivi-nanocell-lg-4k-55-inch-55nano81tsa,18900000,13890000,55 inch,4K
SamsungSmart Tivi QA65Q70D,https://cdn11.dienmaycholon.vn/filewebdmclnew/DMCL21/Picture//Apro/Apro_product_34265/smart-tivi-qled_main_871_450.png.webp,https://dienmaycholon.com/tivi/smart-tivi-qled-samsung-4k-65-inch-qa65q70d,24490000,24490000,65 inch,4K
LGSmart Tivi 55QNED86TSA,https://cdn11.dienmaycholon.vn/filewebdmclnew/DMCL21/Picture//Apro/Apro_product_34439/smart-tivi-qned_main_642_450.png.webp,https://dienmaycholon.com/tivi/smart-tivi-qned-lg-4k-55-inch-55qned86tsa,27900000,17590000,55 inch,4K
XiaomiGoogle Tivi A L43MA-AFSEA,https://cdn11.dienmaycholon.vn/filewebdmclnew/DMCL21/Picture//Apro/Apro_product_35062/google-tivi-xia_main_239_450.png.webp,https://dienmaycholon.com/tivi/google-tivi-xiaomi-a-full-hd-43-inch-l43maafsea,6490000,5490000,43 inch,Full HD
HisenseGoogle Tivi 43U6K,https://cdn11.dienmaycholon.vn/filewebdmclnew/DMCL21/Picture//Apro/Apro_product_34002/google-tivi-ule_main_780_450.png.webp,https://dienmaycholon.com/tivi/google-tivi-uled-hisense-4k-43-inch-43u6k,11990000,7490000,43 inch,4K
LGSmart Tivi 65QNED86TSA,https://cdn11.dienmaycholon.vn/filewebdmclnew/DMCL21/Picture//Apro/Apro_product_34440/smart-tivi-qned_main_706_450.png.webp,https://dienmaycholon.com/tivi/smart-tivi-qned-lg-4k-65-inch-65qned86tsa,34900000,23990000,65 inch,4K
SamsungSmart Tivi QA43Q60D,https://cdn11.dienmaycholon.vn/filewebdmclnew/DMCL21/Picture//Apro/Apro_product_34272/smart-tivi-qled_main_998_450.png.webp,https://dienmaycholon.com/tivi/smart-tivi-qled-samsung-4k-43-inch-qa43q60d,12900000,11290000,43 inch,4K
SonyBRAVIA 8 K-55XR80,https://cdn11.dienmaycholon.vn/filewebdmclnew/DMCL21/Picture//Apro/Apro_product_34685/google-tivi-ole_main_660_450.png.webp,https://dienmaycholon.com/tivi/sony-bravia-8-oled-4k-55-inch-k55xr80,48900000,11290000,55 inch,4K
LGSmart Tivi 65QNED80TSA,https://cdn11.dienmaycholon.vn/filewebdmclnew/DMCL21/Picture//Apro/Apro_product_34478/smart-tivi-qned_main_40_450.png.webp,https://dienmaycholon.com/tivi/smart-tivi-qned-lg-4k-65-inch-65qned80tsa,29900000,17590000,65 inch,4K
HisenseSmart Tivi 32A4N,https://cdn11.dienmaycholon.vn/filewebdmclnew/DMCL21/Picture//Apro/Apro_product_34702/smart-tivi-hise_main_646_450.png.webp,https://dienmaycholon.com/tivi/smart-tivi-hisense-hd-32-inch-32a4n,4790000,3990000,32 inch,HD
XiaomiGoogle Tivi L32M8-P2SEA,https://cdn11.dienmaycholon.vn/filewebdmclnew/DMCL21/Picture//Apro/Apro_product_33194/google-tivi-xia_main_747_450.png.webp,https://dienmaycholon.com/tivi/google-tivi-xiaomi-a-hd-32-inch-l32m8p2sea,4490000,3990000,32 inch,HD
HisenseGoogle Tivi 43A6500K,https://cdn11.dienmaycholon.vn/filewebdmclnew/DMCL21/Picture//Apro/Apro_product_34573/google-tivi-his_main_998_450.png.webp,https://dienmaycholon.com/tivi/google-tivi-hisense-4k-43-inch-43a6500k,8290000,6490000,43 inch,4K
SamsungSmart Tivi QA75Q60D,https://cdn11.dienmaycholon.vn/filewebdmclnew/DMCL21/Picture//Apro/Apro_product_34268/smart-tivi-qled_main_833_450.png.webp,https://dienmaycholon.com/tivi/smart-tivi-qled-samsung-4k-75-inch-qa75q60d,33900000,27890000,75 inch,4K
SonyGoogle Tivi 4K 50 Inch KD-50X80K,https://cdn11.dienmaycholon.vn/filewebdmclnew/DMCL21/Picture//Apro/Apro_product_29988/google-tivi-son_main_630_450.png.webp,https://dienmaycholon.com/tivi/google-tivi-sony-4k-50-inch-kd50x80k,18200000,27890000,50 inch,4K
TCLGoogle Tivi 43P755,https://cdn11.dienmaycholon.vn/filewebdmclnew/DMCL21/Picture//Apro/Apro_product_34207/google-tivi-tcl_main_443_450.png.webp,https://dienmaycholon.com/tivi/google-tivi-tcl-4k-43-inch-43p755,8290000,6990000,43 inch,4K
LGSmart Tivi LG OLED55B4PSA,https://cdn11.dienmaycholon.vn/filewebdmclnew/DMCL21/Picture//Apro/Apro_product_34423/smart-tivi-lg-o_main_781_450.png.webp,https://dienmaycholon.com/tivi/smart-tivi-lg-oled-4k-55-inch-oled55b4psa,39900000,25490000,55 inch,4K
SamsungSmart Tivi QA55QN85D,https://cdn11.dienmaycholon.vn/filewebdmclnew/DMCL21/Picture//Apro/Apro_product_34253/smart-tivi-sams_main_772_450.png.webp,https://dienmaycholon.com/tivi/smart-tivi-samsung-neo-qled-4k-55-inch-qa55qn85d,32890000,32890000,55 inch,4K
SonyGoogle Tivi KD-43X75K,https://cdn11.dienmaycholon.vn/filewebdmclnew/DMCL21/Picture//Apro/Apro_product_30188/google-tivi-son_main_294_450.png.webp,https://dienmaycholon.com/tivi/google-tivi-sony-4k-43-inch-kd43x75k,11700000,32890000,43 inch,4K
XiaomiGoogle Tivi L55MA-ASEA,https://cdn11.dienmaycholon.vn/filewebdmclnew/DMCL21/Picture//Apro/Apro_product_34820/google-tivi-xia_main_940_450.png.webp,https://dienmaycholon.com/tivi/google-tivi-xiaomi-a-4k-55-inch-l55maasea,10490000,8490000,55 inch,4K
CasperSmart Tivi 43FGK610,https://cdn11.dienmaycholon.vn/filewebdmclnew/DMCL21/Picture//Apro/Apro_product_34841/smart-tivi-casp_main_107_450.png.webp,https://dienmaycholon.com/tivi/smart-tivi-casper-full-hd-43-inch-43fgk610,6790000,5590000,43 inch,Full HD
ToshibaSmart Tivi 43E330NP,https://cdn11.dienmaycholon.vn/filewebdmclnew/DMCL21/Picture//Apro/Apro_product_35080/smart-tivi-tosh_main_764_450.png.webp,https://dienmaycholon.com/tivi/smart-tivi-toshiba-4k-43-inch-43e330np,9990000,7990000,43 inch,4K
PanasonicGoogle Tivi TH-55MX650V,https://cdn11.dienmaycholon.vn/filewebdmclnew/DMCL21/Picture//Apro/Apro_product_34420/google-tivi-pan_main_118_450.png.webp,https://dienmaycholon.com/tivi/google-tivi-panasonic-4k-55-inch-th55mx650v,17900000,12890000,55 inch,4K
LGSmart Tivi Evo OLED55C4PSA,https://cdn11.dienmaycholon.vn/filewebdmclnew/DMCL21/Picture//Apro/Apro_product_34427/smart-tivi-lg-o_main_217_450.png.webp,https://dienmaycholon.com/tivi/smart-tivi-lg-oled-evo-4k-55-inch-oled55c4psa,44900000,32690000,55 inch,4K
XiaomiGoogle Tivi L55MA-SSEA,https://cdn11.dienmaycholon.vn/filewebdmclnew/DMCL21/Picture//Apro/Apro_product_34822/google-tivi-xia_main_997_450.png.webp,https://dienmaycholon.com/tivi/google-tivi-xiaomi-a-pro-qled-4k-55-inch-l55massea,11490000,9490000,55 inch,4K
TCLGoogle Tivi QD-Mini LED 55C755,https://cdn11.dienmaycholon.vn/filewebdmclnew/DMCL21/Picture//Apro/Apro_product_34026/google-tivi-tcl_main_664_450.png.webp,https://dienmaycholon.com/tivi/google-tivi-tcl-qdmini-led-4k-55-inch-55c755,21990000,17990000,55 inch,4K
TCLGoogle Tivi 75C655,https://cdn11.dienmaycholon.vn/filewebdmclnew/DMCL21/Picture//Apro/Apro_product_34365/google-tivi-tcl_main_18_450.png.webp,https://dienmaycholon.com/tivi/google-tivi-tcl-qled-4k-75-inch-75c655,25990000,18990000,75 inch,4K
TCLGoogle Tivi QLED 55C645,https://cdn11.dienmaycholon.vn/filewebdmclnew/DMCL21/Picture//Apro/Apro_product_32297/google-tivi-tcl_main_686_450.png.webp,https://dienmaycholon.com/tivi/google-tivi-tcl-qled-4k-55-inch-55c645,14990000,9890000,55 inch,4K
SamsungSmart Tivi UA75DU8000,https://cdn11.dienmaycholon.vn/filewebdmclnew/DMCL21/Picture//Apro/Apro_product_34275/smart-tivi-sams_main_60_450.png.webp,https://dienmaycholon.com/tivi/smart-tivi-samsung-4k-75-inch-ua75du8000,29390000,29390000,75 inch,4K
SamsungSmart Tivi UA43DU8000,https://cdn11.dienmaycholon.vn/filewebdmclnew/DMCL21/Picture//Apro/Apro_product_34279/smart-tivi-sams_main_364_450.png.webp,https://dienmaycholon.com/tivi/smart-tivi-samsung-4k-43-inch-ua43du8000,11390000,11390000,43 inch,4K
LGSmart Tivi NanoCell 75NANO81TSA,https://cdn11.dienmaycholon.vn/filewebdmclnew/DMCL21/Picture//Apro/Apro_product_34486/smart-tivi-nano_main_821_450.png.webp,https://dienmaycholon.com/tivi/smart-tivi-nanocell-lg-4k-75-inch-75nano81tsa,36900000,23390000,75 inch,4K
HisenseGoogle Tivi 65A6500K,https://cdn11.dienmaycholon.vn/filewebdmclnew/DMCL21/Picture//Apro/Apro_product_34655/google-tivi-his_main_806_450.png.webp,https://dienmaycholon.com/tivi/google-tivi-hisense-4k-65-inch-65a6500k,13990000,10990000,65 inch,4K
SamsungSmart Tivi QA50Q60D,https://cdn11.dienmaycholon.vn/filewebdmclnew/DMCL21/Picture//Apro/Apro_product_34271/smart-tivi-qled_main_619_450.png.webp,https://dienmaycholon.com/tivi/smart-tivi-qled-samsung-4k-50-inch-qa50q60d,15900000,13390000,55 inch,4K
SonyBRAVIA 8 K-65XR80,https://cdn11.dienmaycholon.vn/filewebdmclnew/DMCL21/Picture//Apro/Apro_product_34686/google-tivi-ole_main_556_450.png.webp,https://dienmaycholon.com/tivi/sony-bravia-8-oled-4k-65-inch-k65xr80,68590000,13390000,65 inch,4K
XiaomiGoogle Tivi L43MA-SSEA,https://cdn11.dienmaycholon.vn/filewebdmclnew/DMCL21/Picture//Apro/Apro_product_34821/google-tivi-xia_main_89_450.png.webp,https://dienmaycholon.com/tivi/google-tivi-xiaomi-a-pro-qled-4k-43-inch-l43massea,7990000,6490000,43 inch,4K
ToshibaGoogle Tivi 75C350LP,https://cdn11.dienmaycholon.vn/filewebdmclnew/DMCL21/Picture//Apro/Apro_product_35638/google-tivi-tos_main_559_450.png.webp,https://dienmaycholon.com/tivi/google-tivi-toshiba-4k-75-inch-75c350lp,22990000,16999000,75 inch,4K
LGSmart Tivi 75UR7550PSC,https://cdn11.dienmaycholon.vn/filewebdmclnew/DMCL21/Picture//Apro/Apro_product_32577/smart-tivi-lg-4_main_646_450.png.webp,https://dienmaycholon.com/tivi/smart-tivi-lg-4k-75-inch-75ur7550psc,26900000,16999000,75 inch,4K
SonyBRAVIA 3 K-75S30,https://cdn11.dienmaycholon.vn/filewebdmclnew/DMCL21/Picture//Apro/Apro_product_34469/google-tivi-son_main_272_450.png.webp,https://dienmaycholon.com/tivi/sony-bravia-3-led-4k-75-inch-k75s30,34500000,16999000,75 inch,4K
SamsungSmart Tivi QA65S90D,https://cdn11.dienmaycholon.vn/filewebdmclnew/DMCL21/Picture//Apro/Apro_product_34257/smart-tivi-oled_main_332_450.png.webp,https://dienmaycholon.com/tivi/smart-tivi-oled-samsung-4k-65-inch-qa65s90d,63900000,16999000,65 inch,4K
LGSmart Tivi 55UQ7550PSF,https://cdn11.dienmaycholon.vn/filewebdmclnew/DMCL21/Picture//Apro/Apro_product_30494/smart-tivi-lg-4_main_603_450.png.webp,https://dienmaycholon.com/tivi/smart-tivi-lg-4k-uhd-55-inch-55uq7550psf,16900000,9990000,55 inch,4K
TCLGoogle Tivi QD-Mini LED 65C755,https://cdn11.dienmaycholon.vn/filewebdmclnew/DMCL21/Picture//Apro/Apro_product_34027/google-tivi-tcl_main_850_450.png.webp,https://dienmaycholon.com/tivi/google-tivi-tcl-qdmini-led-4k-65-inch-65c755,26990000,23790000,65 inch,4K
SamsungSmart Tivi QA55Q80D,https://cdn11.dienmaycholon.vn/filewebdmclnew/DMCL21/Picture//Apro/Apro_product_34261/smart-tivi-qled_main_677_450.png.webp,https://dienmaycholon.com/tivi/smart-tivi-qled-samsung-4k-55-inch-qa55q80d,25890000,25890000,55 inch,4K
SamsungSmart Tivi UA50DU8000,https://cdn11.dienmaycholon.vn/filewebdmclnew/DMCL21/Picture//Apro/Apro_product_34278/smart-tivi-sams_main_381_450.png.webp,https://dienmaycholon.com/tivi/smart-tivi-samsung-4k-50-inch-ua50du8000,14390000,14390000,50 inch,4K
LGSmart Tivi 50QNED80TSA,https://cdn11.dienmaycholon.vn/filewebdmclnew/DMCL21/Picture//Apro/Apro_product_34476/smart-tivi-qned_main_935_450.png.webp,https://dienmaycholon.com/tivi/smart-tivi-qned-lg-4k-50-inch-50qned80tsa,19900000,15390000,50 inch,4K
SamsungSmart Tivi QA75Q70D,https://cdn11.dienmaycholon.vn/filewebdmclnew/DMCL21/Picture//Apro/Apro_product_34264/smart-tivi-qled_main_286_450.png.webp,https://dienmaycholon.com/tivi/smart-tivi-qled-samsung-4k-75-inch-qa75q70d,39900000,35890000,75 inch,4K
LGSmart Tivi Evo OLED65C4PSA,https://cdn11.dienmaycholon.vn/filewebdmclnew/DMCL21/Picture//Apro/Apro_product_34428/smart-tivi-lg-o_main_20_450.png.webp,https://dienmaycholon.com/tivi/smart-tivi-lg-oled-evo-4k-65-inch-oled65c4psa,69900000,35890000,65 inch,4K
CasperAndroid Tivi 4K 55 inch 55UGA610,https://cdn11.dienmaycholon.vn/filewebdmclnew/DMCL21/Picture//Apro/Apro_product_31535/android-tivi-ca_main_457_450.png.webp,https://dienmaycholon.com/tivi/android-tivi-casper-4k-55-inch-55uga610,9490000,7490000,55 inch,4K
SamsungSmart Tivi Khung Tranh QA55LS03D,https://cdn11.dienmaycholon.vn/filewebdmclnew/DMCL21/Picture//Apro/Apro_product_34288/smart-tivi-khun_main_211_450.png.webp,https://dienmaycholon.com/tivi/smart-tivi-khung-tranh-the-frame-qled-samsung-4k-55-inch-qa55ls03d,27390000,27390000,55 inch,4K
SamsungSmart Tivi QA55S90D,https://cdn11.dienmaycholon.vn/filewebdmclnew/DMCL21/Picture//Apro/Apro_product_34256/smart-tivi-oled_main_664_450.png.webp,https://dienmaycholon.com/tivi/smart-tivi-oled-samsung-4k-55-inch-qa55s90d,44900000,39890000,55 inch,4K
PanasonicGoogle Tivi TH-65MX650V,https://cdn11.dienmaycholon.vn/filewebdmclnew/DMCL21/Picture//Apro/Apro_product_34422/google-tivi-pan_main_958_450.png.webp,https://dienmaycholon.com/tivi/google-tivi-panasonic-4k-65-inch-th65mx650v,23000000,14890000,65 inch,4K
LGSmart Tivi LG Evo OLED65G4PSA,https://cdn11.dienmaycholon.vn/filewebdmclnew/DMCL21/Picture//Apro/Apro_product_34426/smart-tivi-lg-o_main_922_450.png.webp,https://dienmaycholon.com/tivi/smart-tivi-lg-oled-evo-4k-65-inch-oled65g4psa,74900000,14890000,65 inch,4K
LGSmart Tivi OLED65B4PSA,https://cdn11.dienmaycholon.vn/filewebdmclnew/DMCL21/Picture//Apro/Apro_product_34424/smart-tivi-lg-o_main_939_450.png.webp,https://dienmaycholon.com/tivi/smart-tivi-lg-oled-4k-65-inch-oled65b4psa,59900000,14890000,65 inch,4K
SonyGoogle Tivi XR-75X90L,https://cdn11.dienmaycholon.vn/filewebdmclnew/DMCL21/Picture//Apro/Apro_product_32848/google-tivi-son_main_552_450.png.webp,https://dienmaycholon.com/tivi/google-tivi-sony-4k-75-inch-xr75x90l,47500000,14890000,75 inch,4K
LGSmart Tivi 75UT8050PSB,https://cdn11.dienmaycholon.vn/filewebdmclnew/DMCL21/Picture//Apro/Apro_product_34492/smart-tivi-lg-4_main_622_450.png.webp,https://dienmaycholon.com/tivi/smart-tivi-lg-4k-75-inch-75ut8050psb,30900000,20990000,75 inch,4K
PanasonicAndroid Tivi 32 Inch TH-32LS600V,https://cdn11.dienmaycholon.vn/filewebdmclnew/DMCL21/Picture//Apro/Apro_product_31893/android-tivi-pa_main_153_450.png.webp,https://dienmaycholon.com/tivi/android-tivi-panasonic-32-inch-th32ls600v,8000000,5990000,32 inch,HD
SonyGoogle Tivi 4K 65 Inch KD-65X75K,https://cdn11.dienmaycholon.vn/filewebdmclnew/DMCL21/Picture//Apro/Apro_product_30196/google-tivi-son_main_122_450.png.webp,https://dienmaycholon.com/tivi/google-tivi-sony-4k-65-inch-kd65x75k,20700000,5990000,65 inch,4K
SamsungSmart Tivi QA65Q80D,https://cdn11.dienmaycholon.vn/filewebdmclnew/DMCL21/Picture//Apro/Apro_product_34260/smart-tivi-qled_main_633_450.png.webp,https://dienmaycholon.com/tivi/smart-tivi-qled-samsung-4k-65-inch-qa65q80d,30890000,30890000,65 inch,4K
LGSmart Tivi 86UT8050PSB,https://cdn11.dienmaycholon.vn/filewebdmclnew/DMCL21/Picture//Apro/Apro_product_34493/smart-tivi-lg-4_main_629_450.png.webp,https://dienmaycholon.com/tivi/smart-tivi-lg-4k-86-inch-86ut8050psb,49900000,34490000,86 inch,4K
SamsungSmart Tivi QA75QN85D,https://cdn11.dienmaycholon.vn/filewebdmclnew/DMCL21/Picture//Apro/Apro_product_34251/smart-tivi-sams_main_777_450.png.webp,https://dienmaycholon.com/tivi/smart-tivi-samsung-neo-qled-4k-75-inch-qa75qn85d,66900000,34490000,75 inch,4K
XiaomiGoogle Tivi A Pro L65MA-SSEA,https://cdn11.dienmaycholon.vn/filewebdmclnew/DMCL21/Picture//Apro/Apro_product_35291/google-tivi-xia_main_349_450.png.webp,https://dienmaycholon.com/tivi/google-tivi-xiaomi-a-pro-qled-4k-65-inch-l65massea,14990000,12990000,65 inch,4K
SamsungSmart Tivi Khung Tranh QA65LS03D,https://cdn11.dienmaycholon.vn/filewebdmclnew/DMCL21/Picture//Apro/Apro_product_34287/smart-tivi-khun_main_429_450.png.webp,https://dienmaycholon.com/tivi/smart-tivi-khung-tranh-the-frame-qled-samsung-4k-65-inch-qa65ls03d,34900000,34900000,65 inch,4K
SonyGoogle Tivi XR-85X90L,https://cdn11.dienmaycholon.vn/filewebdmclnew/DMCL21/Picture//Apro/Apro_product_32979/google-tivi-son_main_730_450.png.webp,https://dienmaycholon.com/tivi/google-tivi-sony-4k-85-inch-xr85x90l,65000000,65000000,85 inch,4K
SharpAndroid Tivi 32 inch 2T-C32EG2X,https://cdn11.dienmaycholon.vn/filewebdmclnew/DMCL21/Picture//Apro/Apro_product_31887/android-tivi-sh_main_333_450.png.webp,https://dienmaycholon.com/tivi/android-tivi-sharp-32-inch-2tc32eg2x,4990000,4990000,32 inch,HD
SamsungSmart Tivi QA65S95D,https://cdn11.dienmaycholon.vn/filewebdmclnew/DMCL21/Picture//Apro/Apro_product_34254/smart-tivi-oled_main_858_450.png.webp,https://dienmaycholon.com/tivi/smart-tivi-oled-samsung-4k-65-inch-qa65s95d,69900000,4990000,65 inch,4K
HisenseSmart Tivi 65U7K,https://cdn11.dienmaycholon.vn/filewebdmclnew/DMCL21/Picture//Apro/Apro_product_34007/smart-tivi-uled_main_312_450.png.webp,https://dienmaycholon.com/tivi/smart-tivi-uled-miniled-hisense-4k-65-inch-65u7k,27990000,23590000,65 inch,4K
HisenseGoogle Tivi 65U6K,https://cdn11.dienmaycholon.vn/filewebdmclnew/DMCL21/Picture//Apro/Apro_product_34004/google-tivi-ule_main_217_450.png.webp,https://dienmaycholon.com/tivi/google-tivi-uled-hisense-4k-65-inch-65u6k,22990000,12990000,65 inch,4K
LGSmart Tivi 75QNED80TSA,https://cdn11.dienmaycholon.vn/filewebdmclnew/DMCL21/Picture//Apro/Apro_product_34479/smart-tivi-qned_main_368_450.png.webp,https://dienmaycholon.com/tivi/smart-tivi-qned-lg-4k-75-inch-75qned80tsa,43900000,28890000,75 inch,4K
SamsungSmart Tivi QA85Q60D,https://cdn11.dienmaycholon.vn/filewebdmclnew/DMCL21/Picture//Apro/Apro_product_34267/smart-tivi-qled_main_584_450.png.webp,https://dienmaycholon.com/tivi/smart-tivi-qled-samsung-4k-85-inch-qa85q60d,54900000,28890000,85 inch,4K
TCLGoogle Tivi QD-Mini LED 75C755,https://cdn11.dienmaycholon.vn/filewebdmclnew/DMCL21/Picture//Apro/Apro_product_34028/google-tivi-tcl_main_549_450.png.webp,https://dienmaycholon.com/tivi/google-tivi-tcl-qdmini-led-4k-75-inch-75c755,36990000,26990000,75 inch,4K
LGSmart Tivi Evo OLED77C4PSA,https://cdn11.dienmaycholon.vn/filewebdmclnew/DMCL21/Picture//Apro/Apro_product_34429/smart-tivi-lg-o_main_261_450.png.webp,https://dienmaycholon.com/tivi/smart-tivi-lg-oled-evo-4k-77-inch-oled77c4psa,109900000,26990000,77 inch,4K
SamsungSmart Tivi QA75Q80D,https://cdn11.dienmaycholon.vn/filewebdmclnew/DMCL21/Picture//Apro/Apro_product_34259/smart-tivi-qled_main_879_450.png.webp,https://dienmaycholon.com/tivi/smart-tivi-qled-samsung-4k-75-inch-qa75q80d,48900000,26990000,75 inch,4K
HisenseGoogle Tivi 55A6500K,https://cdn11.dienmaycholon.vn/filewebdmclnew/DMCL21/Picture//Apro/Apro_product_34008/google-tivi-his_main_346_450.png.webp,https://dienmaycholon.com/tivi/google-tivi-hisense-4k-55-inch-55a6500k,9990000,7990000,55 inch,4K
SamsungSmart Tivi Khung Tranh QA75LS03D,https://cdn11.dienmaycholon.vn/filewebdmclnew/DMCL21/Picture//Apro/Apro_product_34286/smart-tivi-khun_main_720_450.png.webp,https://dienmaycholon.com/tivi/smart-tivi-khung-tranh-the-frame-qled-samsung-4k-75-inch-qa75ls03d,51900000,7990000,75 inch,4K
SamsungSmart Tivi QA65QN85D,https://cdn11.dienmaycholon.vn/filewebdmclnew/DMCL21/Picture//Apro/Apro_product_34252/smart-tivi-sams_main_49_450.png.webp,https://dienmaycholon.com/tivi/smart-tivi-samsung-neo-qled-4k-65-inch-qa65qn85d,44900000,39890000,65 inch,4K
SonyBRAVIA 3 K-85S30,https://cdn11.dienmaycholon.vn/filewebdmclnew/DMCL21/Picture//Apro/Apro_product_34468/google-tivi-son_main_906_450.png.webp,https://dienmaycholon.com/tivi/sony-bravia-3-led-4k-85-inch-k85s30,45990000,39890000,85 inch,4K
LGSmart Tivi LG Evo OLED55G4PSA,https://cdn11.dienmaycholon.vn/filewebdmclnew/DMCL21/Picture//Apro/Apro_product_34425/smart-tivi-lg-o_main_468_450.png.webp,https://dienmaycholon.com/tivi/smart-tivi-lg-oled-evo-4k-55-inch-oled55g4psa,54900000,39890000,55 inch,4K
SamsungSmart Tivi QA77S95D,https://cdn11.dienmaycholon.vn/filewebdmclnew/DMCL21/Picture//Apro/Apro_product_34255/smart-tivi-oled_main_296_450.png.webp,https://dienmaycholon.com/tivi/smart-tivi-oled-samsung-4k-77-inch-qa77s95d,109900000,39890000,77 inch,4K
XiaomiSmart Display S (L55MA-SPLEA),https://cdn11.dienmaycholon.vn/filewebdmclnew/DMCL21/Picture//Apro/Apro_product_35165/smart-tivi-xiao_main_473_450.png.webp,https://dienmaycholon.com/tivi/xiaomi-smart-display-qdmini-led-4k-55-inch-s-l55masplea,19990000,15990000,55 inch,4K
LGSmart Tivi NanoCell 86NANO81TSA,https://cdn11.dienmaycholon.vn/filewebdmclnew/DMCL21/Picture//Apro/Apro_product_34487/smart-tivi-nano_main_687_450.png.webp,https://dienmaycholon.com/tivi/smart-tivi-nanocell-lg-4k-86-inch-86nano81tsa,59900000,15990000,86 inch,4K
SamsungSmart Tivi UA85DU8000,https://cdn11.dienmaycholon.vn/filewebdmclnew/DMCL21/Picture//Apro/Apro_product_34274/smart-tivi-sams_main_310_450.png.webp,https://dienmaycholon.com/tivi/smart-tivi-samsung-4k-85-inch-ua85du8000,49900000,39890000,85 inch,4K
SamsungSmart Tivi QLED QA98Q80C,https://cdn11.dienmaycholon.vn/filewebdmclnew/DMCL21/Picture//Apro/Apro_product_32271/smart-tivi-sams_main_572_450.png.webp,https://dienmaycholon.com/tivi/smart-tivi-samsung-qled-4k-98-inch-qa98q80c,139900000,39890000,98 inch,4K
TCLGoogle Tivi QLED 85C645,https://cdn11.dienmaycholon.vn/filewebdmclnew/DMCL21/Picture//Apro/Apro_product_32823/google-tivi-tcl_main_144_450.png.webp,https://dienmaycholon.com/tivi/google-tivi-tcl-qled-4k-85-inch-85c645,44990000,24990000,85 inch,4K
LGSmart Tivi OLED OLED55G3PSA,https://cdn11.dienmaycholon.vn/filewebdmclnew/DMCL21/Picture//Apro/Apro_product_32550/smart-tivi-lg-o_main_282_450.png.webp,https://dienmaycholon.com/tivi/smart-tivi-lg-oled-4k-55-inch-oled55g3psa,54900000,22990000,55 inch,4K
LGSmart Tivi OLED83C3PSA,https://cdn11.dienmaycholon.vn/filewebdmclnew/DMCL21/Picture//Apro/Apro_product_32465/smart-tivi-lg-o_main_933_450.png.webp,https://dienmaycholon.com/tivi/smart-tivi-lg-oled-4k-83-inch-oled83c3psa,149000000,78990000,83 inch,4K
LGSmart Tivi 43UQ7550PSF,https://cdn11.dienmaycholon.vn/filewebdmclnew/DMCL21/Picture//Apro/Apro_product_30341/smart-tivi-lg-4_main_541_450.png.webp,https://dienmaycholon.com/tivi/smart-tivi-lg-4k-43-inch-43uq7550psf,12900000,7490000,43 inch,4K
ToshibaSmart Tivi 55E330NP,https://cdn11.dienmaycholon.vn/filewebdmclnew/DMCL21/Picture//Apro/Apro_product_35082/smart-tivi-tosh_main_490_450.png.webp,https://dienmaycholon.com/tivi/smart-tivi-toshiba-4k-55-inch-55e330np,12990000,7490000,55 inch,4K
SonyBRAVIA 7 K-65XR70,https://cdn11.dienmaycholon.vn/filewebdmclnew/DMCL21/Picture//Apro/Apro_product_34466/google-tivi-min_main_631_450.png.webp,https://dienmaycholon.com/tivi/sony-bravia-7-mini-led-qled-4k-65-inch-k65xr70,51190000,7490000,55 inch,4K
SamsungSmart Tivi QA85Q70D,https://cdn11.dienmaycholon.vn/filewebdmclnew/DMCL21/Picture//Apro/Apro_product_34263/smart-tivi-qled_main_956_450.png.webp,https://dienmaycholon.com/tivi/smart-tivi-qled-samsung-4k-85-inch-qa85q70d,64900000,7490000,85 inch,4K
SamsungSmart Tivi QA85QN85D,https://cdn11.dienmaycholon.vn/filewebdmclnew/DMCL21/Picture//Apro/Apro_product_34250/smart-tivi-sams_main_20_450.png.webp,https://dienmaycholon.com/tivi/smart-tivi-samsung-neo-qled-4k-85-inch-qa85qn85d,99900000,7490000,85 inch,4K
SamsungSmart Tivi QA65QN800D,https://cdn11.dienmaycholon.vn/filewebdmclnew/DMCL21/Picture//Apro/Apro_product_34242/smart-tivi-sams_main_561_450.png.webp,https://dienmaycholon.com/tivi/smart-tivi-samsung-neo-qled-8k-65-inch-qa65qn800d,89900000,7490000,65 inch,8K
XiaomiSmart Display S (L65MA-SPLEA),https://cdn11.dienmaycholon.vn/filewebdmclnew/DMCL21/Picture//Apro/Apro_product_35166/google-tivi-xia_main_909_450.png.webp,https://dienmaycholon.com/tivi/xiaomi-smart-display-qdmini-led-4k-65-inch-s-l65masplea,24990000,19990000,65 inch,4K
ToshibaSmart Tivi 55M450NP,https://cdn11.dienmaycholon.vn/filewebdmclnew/DMCL21/Picture//Apro/Apro_product_35086/smart-tivi-tosh_main_1_450.png.webp,https://dienmaycholon.com/tivi/smart-tivi-toshiba-4k-55-inch-55m450np,15990000,19990000,55 inch,4K
LGSmart Tivi 50UT8050PSB,https://cdn11.dienmaycholon.vn/filewebdmclnew/DMCL21/Picture//Apro/Apro_product_34489/smart-tivi-lg-4_main_184_450.png.webp,https://dienmaycholon.com/tivi/smart-tivi-lg-4k-50-inch-50ut8050psb,14900000,11590000,50 inch,4K
SonyBRAVIA 7 K-75XR70,https://cdn11.dienmaycholon.vn/filewebdmclnew/DMCL21/Picture//Apro/Apro_product_34465/google-tivi-min_main_798_450.png.webp,https://dienmaycholon.com/tivi/sony-bravia-7-mini-led-qled-4k-75-inch-k75xr70,65990000,11590000,65 inch,4K
SamsungSmart Tivi QA75QN90D,https://cdn11.dienmaycholon.vn/filewebdmclnew/DMCL21/Picture//Apro/Apro_product_34246/smart-tivi-sams_main_490_450.png.webp,https://dienmaycholon.com/tivi/smart-tivi-samsung-neo-qled-4k-75-inch-qa75qn90d,84900000,11590000,75 Inch,4K
XiaomiSmart Display Max (L85MA-MAXEA),https://cdn11.dienmaycholon.vn/filewebdmclnew/DMCL21/Picture//Apro/Apro_product_35169/xiaomi-smart-di_main_75_450.png.webp,https://dienmaycholon.com/tivi/xiaomi-smart-display-qled-4k-85-inch-max-l85mamaxea,36990000,31990000,85 inch,4K
XiaomiSmart Display S (L75MA-SPLEA),https://cdn11.dienmaycholon.vn/filewebdmclnew/DMCL21/Picture//Apro/Apro_product_35167/google-tivi-xia_main_371_450.png.webp,https://dienmaycholon.com/tivi/xiaomi-smart-display-qdmini-led-4k-75-inch-s-l75masplea,31990000,26990000,75 inch,4K
SonyBRAVIA 9 K-75XR90,https://cdn11.dienmaycholon.vn/filewebdmclnew/DMCL21/Picture//Apro/Apro_product_34689/google-tivi-min_main_459_450.png.webp,https://dienmaycholon.com/tivi/sony-bravia-9-mini-led-qled-4k-75-inch-k75xr90,98300000,26990000,75 inch,4K
LGSmart Tivi OLED83M4PSA,https://cdn11.dienmaycholon.vn/filewebdmclnew/DMCL21/Picture//Apro/Apro_product_34560/smart-tivi-oled_main_560_450.png.webp,https://dienmaycholon.com/tivi/smart-tivi-oled-lg-4k-83-inch-oled83m4psa,199000000,26990000,83 inch,4K
LGSmart Tivi 86QNED80TSA,https://cdn11.dienmaycholon.vn/filewebdmclnew/DMCL21/Picture//Apro/Apro_product_34480/smart-tivi-qned_main_631_450.png.webp,https://dienmaycholon.com/tivi/smart-tivi-qned-lg-4k-86-inch-86qned80tsa,63900000,26990000,86 inch,4K
LGSmart Tivi 86QNED86TSA,https://cdn11.dienmaycholon.vn/filewebdmclnew/DMCL21/Picture//Apro/Apro_product_34442/smart-tivi-qned_main_489_450.png.webp,https://dienmaycholon.com/tivi/smart-tivi-qned-lg-4k-86-inch-86qned86tsa,71900000,26990000,86 inch,4K
LGSmart Tivi 98QNED89TSA,https://cdn11.dienmaycholon.vn/filewebdmclnew/DMCL21/Picture//Apro/Apro_product_34432/smart-tivi-qned_main_466_450.png.webp,https://dienmaycholon.com/tivi/smart-tivi-qned-lg-4k-98-inch-98qned89tsa,139900000,26990000,98 inch,4K
TCLGoogle Tivi 85C755,https://cdn11.dienmaycholon.vn/filewebdmclnew/DMCL21/Picture//Apro/Apro_product_34338/google-tivi-tcl_main_579_450.png.webp,https://dienmaycholon.com/tivi/google-tivi-tcl-qdmini-led-4k-85-inch-85c755,59990000,26990000,85 inch,4K
SamsungSmart Tivi QA85Q80D,https://cdn11.dienmaycholon.vn/filewebdmclnew/DMCL21/Picture//Apro/Apro_product_34258/smart-tivi-qled_main_846_450.png.webp,https://dienmaycholon.com/tivi/smart-tivi-qled-samsung-4k-85-inch-qa85q80d,72900000,26990000,85 inch,4K
SamsungSmart Tivi QA85QN90D,https://cdn11.dienmaycholon.vn/filewebdmclnew/DMCL21/Picture//Apro/Apro_product_34245/smart-tivi-sams_main_706_450.png.webp,https://dienmaycholon.com/tivi/smart-tivi-samsung-neo-qled-4k-85-inch-qa85qn90d,119900000,26990000,85 inch,4K
LGSmart Tivi 4K 86UR8050PSB,https://cdn11.dienmaycholon.vn/filewebdmclnew/DMCL21/Picture//Apro/Apro_product_32573/smart-tivi-lg-4_main_686_450.png.webp,https://dienmaycholon.com/tivi/smart-tivi-lg-4k-86-inch-86ur8050psb,45900000,21890000,86 inch,4K
TCLGoogle Tivi Mini QLED TCL 75C845,https://cdn11.dienmaycholon.vn/filewebdmclnew/DMCL21/Picture//Apro/Apro_product_32411/google-tivi-min_main_679_450.png.webp,https://dienmaycholon.com/tivi/google-tivi-mini-qled-tcl-4k-75-inch-75c845,47990000,26990000,75 inch,4K
CasperAndroid Tivi 4K 50 Inch 50UGA610,https://cdn11.dienmaycholon.vn/filewebdmclnew/DMCL21/Picture//Apro/Apro_product_31534/android-tivi-ca_main_24_450.png.webp,https://dienmaycholon.com/tivi/android-tivi-casper-4k-50-inch-50uga610,9490000,5990000,50 inch,4K
HisenseGoogle Tivi 65Q6N,https://cdn11.dienmaycholon.vn/filewebdmclnew/DMCL21/Picture//Apro/Apro_product_35518/google-tivi-his_main_707_450.png.webp,https://dienmaycholon.com/tivi/google-tivi-hisense-qled-4k-65-inch-65q6n,17990000,14990000,65 inch,4K
XiaomiSmart Display Max (L100MA-MAXEA),https://cdn11.dienmaycholon.vn/filewebdmclnew/DMCL21/Picture//Apro/Apro_product_35170/xiaomi-smart-di_main_610_450.png.webp,https://dienmaycholon.com/tivi/xiaomi-smart-display-qled-4k-100-inch-max-l100mamaxea,54990000,14990000,100 inch,4K
SonyGoogle Tivi BRAVIA 9 K-85XR90,https://cdn11.dienmaycholon.vn/filewebdmclnew/DMCL21/Picture//Apro/Apro_product_34688/google-tivi-min_main_958_450.png.webp,https://dienmaycholon.com/tivi/sony-bravia-9-mini-led-qled-4k-85-inch-k85xr90,119990000,14990000,85 inch,4K
LGSmart Tivi Evo OLED83C4PSA,https://cdn11.dienmaycholon.vn/filewebdmclnew/DMCL21/Picture//Apro/Apro_product_34430/smart-tivi-lg-o_main_799_450.png.webp,https://dienmaycholon.com/tivi/smart-tivi-lg-oled-evo-4k-83-inch-oled83c4psa,149000000,14990000,83 inch,4K
SamsungSmart Tivi QA55QN90D,https://cdn11.dienmaycholon.vn/filewebdmclnew/DMCL21/Picture//Apro/Apro_product_34248/smart-tivi-sams_main_300_450.png.webp,https://dienmaycholon.com/tivi/smart-tivi-samsung-neo-qled-4k-55-inch-qa55qn90d,44900000,33590000,55 inch,4K
SamsungSmart Tivi QA65QN90D,https://cdn11.dienmaycholon.vn/filewebdmclnew/DMCL21/Picture//Apro/Apro_product_34247/smart-tivi-sams_main_174_450.png.webp,https://dienmaycholon.com/tivi/smart-tivi-samsung-neo-qled-4k-65-inch-qa65qn90d,54900000,33590000,65 inch,4K
SamsungSmart Tivi QA85QN900D,https://cdn11.dienmaycholon.vn/filewebdmclnew/DMCL21/Picture//Apro/Apro_product_34241/smart-tivi-sams_main_598_450.png.webp,https://dienmaycholon.com/tivi/smart-tivi-samsung-neo-qled-8k-85-inch-qa85qn900d,219900000,33590000,85 inch,8K
SonyGoogle Tivi XR-65A95L,https://cdn11.dienmaycholon.vn/filewebdmclnew/DMCL21/Picture//Apro/Apro_product_33591/google-tivi-ole_main_35_450.png.webp,https://dienmaycholon.com/tivi/google-tivi-oled-sony-4k-65-inch-xr65a95l,92100000,33590000,65 inch,4K
SamsungSmart Tivi QA75QN800C,https://cdn11.dienmaycholon.vn/filewebdmclnew/DMCL21/Picture//Apro/Apro_product_32258/smart-tivi-sams_main_539_450.png.webp,https://dienmaycholon.com/tivi/smart-tivi-samsung-neo-qled-8k-75-inch-qa75qn800c,129900000,36990000,75 inch,QLED
LGSmart Tivi QNED 55QNED80SRA,https://cdn11.dienmaycholon.vn/filewebdmclnew/DMCL21/Picture//Apro/Apro_product_32568/smart-tivi-lg-q_main_929_450.png.webp,https://dienmaycholon.com/tivi/smart-tivi-lg-qned-4k-55-inch-55qned80sra,24900000,10390000,55 inch,4K
LGSmart Tivi NanoCell 43NANO76SQA,https://cdn11.dienmaycholon.vn/filewebdmclnew/DMCL21/Picture//Apro/Apro_product_30472/smart-nanocell-_main_846_450.png.webp,https://dienmaycholon.com/tivi/smart-nanocell-tivi-lg-4k-43-inch-43nano76sqa,15900000,6390000,43 inch,4K
HisenseGoogle Tivi 55Q6N,https://cdn11.dienmaycholon.vn/filewebdmclnew/DMCL21/Picture//Apro/Apro_product_35517/google-tivi-his_main_366_450.png.webp,https://dienmaycholon.com/tivi/google-tivi-hisense-qled-4k-55-inch-55q6n,13990000,11590000,55 inch,4K
LGSmart Tivi Evo OLED97G4PSA,https://cdn11.dienmaycholon.vn/filewebdmclnew/DMCL21/Picture//Apro/Apro_product_35292/smart-tivi-lg-o_main_994_450.png.webp,https://dienmaycholon.com/tivi/smart-tivi-lg-oled-evo-4k-97-inch-oled97g4psa,890000000,11590000,97 inch,4K
ToshibaSmart Tivi 100Z670NP,https://cdn11.dienmaycholon.vn/filewebdmclnew/DMCL21/Picture//Apro/Apro_product_35089/smart-tivi-tosh_main_118_450.png.webp,https://dienmaycholon.com/tivi/smart-tivi-toshiba-4k-100-inch-100z670np,99900000,11590000,100 inch,4K
ToshibaSmart Tivi 85M450NP,https://cdn11.dienmaycholon.vn/filewebdmclnew/DMCL21/Picture//Apro/Apro_product_35088/smart-tivi-tosh_main_929_450.png.webp,https://dienmaycholon.com/tivi/smart-tivi-toshiba-4k-85-inch-85m450np,54900000,11590000,85 inch,4K
ToshibaSmart Tivi 65M450NP,https://cdn11.dienmaycholon.vn/filewebdmclnew/DMCL21/Picture//Apro/Apro_product_35087/smart-tivi-tosh_main_601_450.png.webp,https://dienmaycholon.com/tivi/smart-tivi-toshiba-4k-65-inch-65m450np,18990000,18990000,65 inch,4K
ToshibaSmart Tivi 43M450NP,https://cdn11.dienmaycholon.vn/filewebdmclnew/DMCL21/Picture//Apro/Apro_product_35085/smart-tivi-tosh_main_665_450.png.webp,https://dienmaycholon.com/tivi/smart-tivi-toshiba-4k-43-inch-43m450np,9990000,9990000,43 inch,4K
ToshibaSmart Tivi 65E330NP,https://cdn11.dienmaycholon.vn/filewebdmclnew/DMCL21/Picture//Apro/Apro_product_35083/smart-tivi-tosh_main_656_450.png.webp,https://dienmaycholon.com/tivi/smart-tivi-toshiba-4k-65-inch-65e330np,16990000,14990000,65 inch,4K
CoocaaGoogle Tivi 43Z73,https://cdn11.dienmaycholon.vn/filewebdmclnew/DMCL21/Picture//Apro/Apro_product_34943/google-tivi-coo_main_338_450.png.webp,https://dienmaycholon.com/tivi/google-tivi-coocaa-full-hd-43-inch-43z73,6490000,4939000,43 inch,Full HD
CoocaaGoogle Tivi 40Z73,https://cdn11.dienmaycholon.vn/filewebdmclnew/DMCL21/Picture//Apro/Apro_product_34942/google-tivi-coo_main_139_450.png.webp,https://dienmaycholon.com/tivi/google-tivi-coocaa-full-hd-40-inch-40z73,5990000,4390000,40 inch,Full HD
CoocaaGoogle Tivi 32Z73,https://cdn11.dienmaycholon.vn/filewebdmclnew/DMCL21/Picture//Apro/Apro_product_34941/google-tivi-coo_main_656_450.png.webp,https://dienmaycholon.com/tivi/google-tivi-coocaa-hd-32-inch-32z73,4990000,3439000,32 inch,HD
CasperSmart Tivi 32HGK610,https://cdn11.dienmaycholon.vn/filewebdmclnew/DMCL21/Picture//Apro/Apro_product_34840/smart-tivi-casp_main_919_450.png.webp,https://dienmaycholon.com/tivi/smart-tivi-casper-hd-32-inch-32hgk610,4790000,3990000,32 inch,HD
CoocaaGoogle Tivi Di Động 24LP6000G,https://cdn11.dienmaycholon.vn/filewebdmclnew/DMCL21/Picture//Apro/Apro_product_34723/google-tivi-xac_main_770_450.png.webp,https://dienmaycholon.com/tivi/google-tivi-xach-tay-di-dong-full-hd-coocaa-24-inch-24lp6000g-tay-cam-da,5490000,4439000,24 inch,2K
TCLGoogle Tivi 115X955 Max,https://cdn11.dienmaycholon.vn/filewebdmclnew/DMCL21/Picture//Apro/Apro_product_34619/google-tivi-tcl_main_604_450.png.webp,https://dienmaycholon.com/tivi/google-tivi-tcl-qdmini-led-4k-115-inch-115x955-max,699900000,4439000,115 inch,4K
LGSmart Tivi OLED65M4PSA,https://cdn11.dienmaycholon.vn/filewebdmclnew/DMCL21/Picture//Apro/Apro_product_34561/smart-tivi-oled_main_665_450.png.webp,https://dienmaycholon.com/tivi/smart-tivi-oled-lg-4k-65-inch-oled65m4psa,119900000,4439000,65 inch,4K
LGSmart Tivi NanoCell 50NANO81TSA,https://cdn11.dienmaycholon.vn/filewebdmclnew/DMCL21/Picture//Apro/Apro_product_34483/smart-tivi-nano_main_949_450.png.webp,https://dienmaycholon.com/tivi/smart-tivi-nanocell-lg-4k-50-inch-50nano81tsa,16400000,13590000,50 inch,4K
LGSmart Tivi 55LX1TPSA,https://cdn11.dienmaycholon.vn/filewebdmclnew/DMCL21/Picture//Apro/Apro_product_34458/smart-tivi-lg-4_main_104_450.png.webp,https://dienmaycholon.com/tivi/smart-tivi-lg-4k-55-inch-55lx1tpsa,49900000,39890000,55 inch,4K
LGSmart Tivi 75QNED86TSA,https://cdn11.dienmaycholon.vn/filewebdmclnew/DMCL21/Picture//Apro/Apro_product_34441/smart-tivi-qned_main_317_450.png.webp,https://dienmaycholon.com/tivi/smart-tivi-qned-lg-4k-75-inch-75qned86tsa,49900000,34690000,75 inch,4K
TCLGoogle Tivi 98C855,https://cdn11.dienmaycholon.vn/filewebdmclnew/DMCL21/Picture//Apro/Apro_product_34341/google-tivi-tcl_main_885_450.png.webp,https://dienmaycholon.com/tivi/google-tivi-tcl-qdmini-led-4k-98-inch-98c855,139900000,34690000,98 inch,4K
TCLGoogle Tivi 85C855,https://cdn11.dienmaycholon.vn/filewebdmclnew/DMCL21/Picture//Apro/Apro_product_34340/google-tivi-tcl_main_835_450.png.webp,https://dienmaycholon.com/tivi/google-tivi-tcl-qdmini-led-4k-85-inch-85c855,89990000,34690000,85 inch,4K
SamsungSmart Tivi UA65DU7700,https://cdn11.dienmaycholon.vn/filewebdmclnew/DMCL21/Picture//Apro/Apro_product_34282/smart-tivi-sams_main_12_450.png.webp,https://dienmaycholon.com/tivi/smart-tivi-samsung-4k-65-inch-ua65du7700,17900000,13490000,65 inch,4K
SamsungSmart Tivi UA85DU7700,https://cdn11.dienmaycholon.vn/filewebdmclnew/DMCL21/Picture//Apro/Apro_product_34280/smart-tivi-sams_main_28_450.png.webp,https://dienmaycholon.com/tivi/smart-tivi-samsung-4k-85-inch-ua85du7700,45900000,13490000,85 inch,4K
SamsungSmart Tivi QA98QN90D,https://cdn11.dienmaycholon.vn/filewebdmclnew/DMCL21/Picture//Apro/Apro_product_34244/smart-tivi-sams_main_152_450.png.webp,https://dienmaycholon.com/tivi/smart-tivi-samsung-neo-qled-4k-98-inch-qa98qn90d,179900000,13490000,98 inch,4K
TCLGoogle Tivi QD-Mini LED 98C755,https://cdn11.dienmaycholon.vn/filewebdmclnew/DMCL21/Picture//Apro/Apro_product_34029/google-tivi-tcl_main_994_450.png.webp,https://dienmaycholon.com/tivi/google-tivi-tcl-qdmini-led-4k-98-inch-98c755,99990000,13490000,98 inch,4K
SonyGoogle Tivi XR-77A95L,https://cdn11.dienmaycholon.vn/filewebdmclnew/DMCL21/Picture//Apro/Apro_product_33592/google-tivi-ole_main_444_450.png.webp,https://dienmaycholon.com/tivi/google-tivi-oled-sony-4k-77-inch-xr77a95l,145800000,13490000,77 inch,4K
SamsungSmart Tivi Neo QLED QA98QN990C,https://cdn11.dienmaycholon.vn/filewebdmclnew/DMCL21/Picture//Apro/Apro_product_33468/smart-tivi-sams_main_444_450.png.webp,https://dienmaycholon.com/tivi/smart-tivi-samsung-neo-qled-8k-98-inch-qa98qn990ckxxv,949000000,13490000,85 inch,8K
CoocaaGoogle Tivi 75C9,https://cdn11.dienmaycholon.vn/filewebdmclnew/DMCL21/Picture//Apro/Apro_product_32916/google-tivi-coo_main_767_450.png.webp,https://dienmaycholon.com/tivi/google-tivi-coocaa-4k-75-inch-75c9,25990000,11990000,75 inch,4K
CoocaaGoogle Tivi 70Y72,https://cdn11.dienmaycholon.vn/filewebdmclnew/DMCL21/Picture//Apro/Apro_product_32635/google-tivi-coo_main_615_450.png.webp,https://dienmaycholon.com/tivi/google-tivi-coocaa-4k-70-inch-70y72,13990000,8939000,70 inch,4K
SamsungSmart Tivi Micro LED 4K 99 Inch MNA99MS1A,https://cdn11.dienmaycholon.vn/filewebdmclnew/DMCL21/Picture//Apro/Apro_product_28152/smart-tivi-sams_main_188_450.png.webp,https://dienmaycholon.com/tivi/smart-tivi-samsung-micro-led-4k-99-inch-mna99ms1a,2999000000,8939000,99 inch,4K
SamsungSmart Tivi Micro LED 4K 110 Inch MNA110MS1A,https://cdn11.dienmaycholon.vn/filewebdmclnew/DMCL21/Picture//Apro/Apro_product_28151/smart-tivi-sams_main_826_450.png.webp,https://dienmaycholon.com/tivi/smart-tivi-samsung-micro-led-4k-110-inch-mna110ms1a,3499000000,8939000,110 inch,4K
SamsungSmart Tivi UA43DU7700,https://cdn11.dienmaycholon.vn/filewebdmclnew/DMCL21/Picture//Apro/Apro_product_34285/smart-tivi-sams_main_110_450.png.webp,https://dienmaycholon.com/tivi/smart-tivi-samsung-4k-43-inch-ua43du7700,9690000,9690000,43 inch,4K
SamsungSmart Tivi UA50DU7700,https://cdn11.dienmaycholon.vn/filewebdmclnew/DMCL21/Picture//Apro/Apro_product_34284/smart-tivi-sams_main_46_450.png.webp,https://dienmaycholon.com/tivi/smart-tivi-samsung-4k-50-inch-ua50du7700,13400000,13400000,50 inch,4K
SamsungSmart Tivi UA55DU7700,https://cdn11.dienmaycholon.vn/filewebdmclnew/DMCL21/Picture//Apro/Apro_product_34283/smart-tivi-sams_main_599_450.png.webp,https://dienmaycholon.com/tivi/smart-tivi-samsung-4k-55-inch-ua55du7700,14900000,11490000,55 inch,4K
HisenseSmart Tivi 75U6K,https://cdn11.dienmaycholon.vn/filewebdmclnew/DMCL21/Picture//Apro/Apro_product_34005/google-tivi-ule_main_966_450.png.webp,https://dienmaycholon.com/tivi/smart-tivi-uled-hisense-4k-75-inch-75u6k,30900000,19990000,75 inch,4K
CoocaaGoogle Tivi 100A5D,https://cdn11.dienmaycholon.vn/filewebdmclnew/DMCL21/Picture//Apro/Apro_product_33889/google-tivi-coo_main_463_450.png.webp,https://dienmaycholon.com/tivi/google-tivi-coocaa-qled-4k-100-inch-100a5d,95990000,19990000,100 inch,4K
